PhosphoSiteID,log2FC,pValue,KinaseActivity,KinaseID,TargetID,EdgeHue
S167,1.62,0.023,2.01770511623703,AURKB,MPHOSPH10,-0.423909335397184
S171,1.62,0.023,2.01770511623703,AURKB,MPHOSPH10,-2.79706105822697
S163,1.81,0.028,2.01770511623703,AURKB,MPHOSPH10,-0.705068926792592
S119,1.87,0.00047,2.54251891504263,CSNK2A1,PDCD5,-1.93776776874438
S339,4.74,5.9e-06,1.79988655274153,MTOR,OXSR1,-1.95384520618245
S138,2.41,7.6e-09,1.63511891831638,AKT1,BCL10,1.31879998231307
T19,-4.41,2.9e-06,1.70873093938498,CHEK1,LMNA,0.211129027884454
S392,-0.96,3.2e-05,1.70873093938498,CHEK1,LMNA,-1.80131403682753
S22,-1.8,4.5e-07,1.70873093938498,CHEK1,LMNA,-1.41064976155758
S458,1.08,0.0043,1.70873093938498,CHEK1,LMNA,2.50363821024075
S390,-0.96,3.2e-05,1.70873093938498,CHEK1,LMNA,-1.27791014313698
S78,4.54,2.4e-10,2.07843746340243,MAPK14,HSPB1,-1.97184673743322
S78,4.54,2.4e-10,1.63511891831638,AKT1,HSPB1,-0.395056895446032
S82,4.54,2.4e-10,1.63511891831638,AKT1,HSPB1,1.7986252787523
S15,2.36,2e-04,2.07843746340243,MAPK14,HSPB1,-2.84004557272419
S15,2.36,2e-04,1.63511891831638,AKT1,HSPB1,-1.36211100267246
S82,4.54,2.4e-10,2.07843746340243,MAPK14,HSPB1,-0.634238883387297
S7,4.06,0.017,2.54251891504263,CSNK2A1,HMGN1,-1.86581640550867
T199,-2.7,0.0058,2.01770511623703,AURKB,NPM1,1.76234456012025
S254,-3.27,2.3e-08,2.54251891504263,CSNK2A1,NPM1,-2.13794441521168
T199,-2.7,0.0058,2.54251891504263,CSNK2A1,NPM1,2.39262646855786
S125,2.72,8.3e-06,2.01770511623703,AURKB,NPM1,-0.786231318488717
S125,2.72,8.3e-06,2.54251891504263,CSNK2A1,NPM1,0.533490470610559
S125,2.72,8.3e-06,1.63511891831638,AKT1,NPM1,0.0668669217266142
S254,-3.27,2.3e-08,1.63511891831638,AKT1,NPM1,2.83485151827335
T199,-2.7,0.0058,1.63511891831638,AKT1,NPM1,-2.07368382113054
S260,1.76,0.0027,2.54251891504263,CSNK2A1,NPM1,0.43961336882785
S260,1.76,0.0027,1.63511891831638,AKT1,NPM1,0.442775204312056
S260,1.76,0.0027,2.01770511623703,AURKB,NPM1,-1.39329993026331
S254,-3.27,2.3e-08,2.01770511623703,AURKB,NPM1,2.4942834097892
S7,1.55,0.039,2.01770511623703,AURKB,H2BC11,2.0758789954707
S7,1.55,0.039,1.63511891831638,AKT1,H2BC11,-2.46873456984758
S255,1.94,0.00052,2.54251891504263,CSNK2A1,HSP90AB1,-0.425487196538597
S255,1.94,0.00052,2.01770511623703,AURKB,HSP90AB1,0.405158821027726
S42,-3.36,0.035,1.63511891831638,AKT1,VIM,-0.990364518016577
S459,-2.35,0.00021,1.63511891831638,AKT1,VIM,-0.155153211671859
S459,-2.35,0.00021,2.01770511623703,AURKB,VIM,-2.9379330156371
S430,1.63,0.025,1.63511891831638,AKT1,VIM,-1.96642251871526
S430,1.63,0.025,2.01770511623703,AURKB,VIM,-0.75675831316039
S42,-3.36,0.035,2.01770511623703,AURKB,VIM,-2.22100356733426
S325,-1.24,0.045,1.63511891831638,AKT1,VIM,2.11727432487532
S56,-3.49,0.025,1.63511891831638,AKT1,VIM,0.380877776071429
S56,-3.49,0.025,2.01770511623703,AURKB,VIM,2.26063588773832
S325,-1.24,0.045,2.01770511623703,AURKB,VIM,-1.1071542003192
S6,1.34,0.00018,1.63511891831638,AKT1,HNRNPA1,2.37760541494936
S6,1.34,0.00018,2.54251891504263,CSNK2A1,HNRNPA1,-0.833844860550016
S1213,-3.06,1.5e-07,2.54251891504263,CSNK2A1,TOP2A,1.12902974663302
S1525,1.43,0.0095,2.54251891504263,CSNK2A1,TOP2A,1.44148168992251
S224,1.31,4.1e-05,2.54251891504263,CSNK2A1,SRF,2.71603171108291
T455,1.3,0.00019,1.70873093938498,CHEK1,XRCC6,1.16928285593167
S37,1.78,5.3e-05,1.63511891831638,AKT1,PKM,2.4068318316713
S37,1.78,5.3e-05,2.01770511623703,AURKB,PKM,-2.57233426021412
S446,1.24,0.0059,1.63511891831638,AKT1,BRAF,-1.48633443843573
S151,2.48,0.025,1.63511891831638,AKT1,BRAF,0.213001412339509
S103,3.19,5.6e-05,2.54251891504263,CSNK2A1,HMGA1,0.038478353060782
S102,2.05,0.0012,2.54251891504263,CSNK2A1,HMGA1,-0.597168266773224
S51,2.18,0.00026,2.01770511623703,AURKB,NELFE,-2.79582377616316
S115,1.55,0.038,2.01770511623703,AURKB,NELFE,0.662393582984805
S66,1.77,0.0017,1.70873093938498,CHEK1,LIG1,0.200602767057717
S66,1.77,0.0017,2.54251891504263,CSNK2A1,LIG1,0.107411251869053
S76,1.05,0.044,1.70873093938498,CHEK1,LIG1,1.20039144577459
S76,1.05,0.044,2.54251891504263,CSNK2A1,LIG1,-1.8194807334803
S186,2.19,3.5e-06,2.07843746340243,MAPK14,USF1,2.39447530964389
S85,1.25,0.00014,1.70873093938498,CHEK1,HNRNPA2B1,1.09808082925156
S259,-0.84,0.038,1.70873093938498,CHEK1,HNRNPA2B1,-2.98090876406059
S143,1.06,0.0016,1.63511891831638,AKT1,DNMT1,1.68913118401542
S714,2.2,3e-04,1.63511891831638,AKT1,DNMT1,-2.25905367080122
S143,1.06,0.0016,1.79988655274153,MTOR,DNMT1,-0.365558655001223
S714,2.2,3e-04,1.79988655274153,MTOR,DNMT1,2.87033748300746
S641,4.21,6.5e-06,2.54251891504263,CSNK2A1,CTNNA1,-0.496635520365089
S1943,1.46,0.0074,2.54251891504263,CSNK2A1,MYH9,1.8577522309497
S1956,3.72,0.0042,2.54251891504263,CSNK2A1,MYH10,-1.57467973278835
S1956,3.72,0.0042,2.01770511623703,AURKB,MYH10,2.915906438604
S358,1.08,0.00075,1.70873093938498,CHEK1,ADD1,1.53414841415361
S23,2.67,0.0066,1.70873093938498,CHEK1,MAP2K2,-0.0830665631219745
S727,2.7,4.1e-06,2.07843746340243,MAPK14,STAT1,-0.0451797139830887
S727,2.7,4.1e-06,2.54251891504263,CSNK2A1,STAT1,-1.0745440707542
S188,3.67,4.1e-07,1.70873093938498,CHEK1,MATR3,1.76720392936841
S598,0.57,0.05,1.70873093938498,CHEK1,MATR3,-0.253971058409661
S90,2.17,3.6e-06,1.63511891831638,AKT1,MAP2K4,-1.29367602523416
S2708,-2.39,0.00038,1.70873093938498,CHEK1,MKI67,2.48362572910264
S3041,-1.65,3.8e-05,2.01770511623703,AURKB,MKI67,1.96920481463894
S579,-2.51,0.00085,1.70873093938498,CHEK1,MKI67,1.03795495815575
S3041,-1.65,3.8e-05,1.70873093938498,CHEK1,MKI67,1.9539513993077
S1376,-2.36,0.0089,2.01770511623703,AURKB,MKI67,-0.683686318807304
S2708,-2.39,0.00038,2.01770511623703,AURKB,MKI67,1.01184264896438
S1758,-2.27,2.3e-06,1.70873093938498,CHEK1,MKI67,1.05064744083211
S1071,-2.45,2e-04,2.01770511623703,AURKB,MKI67,0.926517003681511
S1376,-2.36,0.0089,1.70873093938498,CHEK1,MKI67,1.06277555320412
S1679,-3.64,0.00014,2.01770511623703,AURKB,MKI67,-2.99855426698923
S1679,-3.64,0.00014,1.70873093938498,CHEK1,MKI67,-0.341552866157144
S2223,-1.79,0.02,1.70873093938498,CHEK1,MKI67,0.958075420930982
S2528,-3.56,0.00072,1.70873093938498,CHEK1,MKI67,-1.74185075657442
S1131,-0.86,0.041,1.70873093938498,CHEK1,MKI67,-0.0233513521961868
S584,-3.93,0.00024,1.70873093938498,CHEK1,MKI67,0.323417453560978
S579,-2.51,0.00085,2.01770511623703,AURKB,MKI67,0.188772142399102
S584,-3.93,0.00024,2.01770511623703,AURKB,MKI67,-1.36704085813835
S1131,-0.86,0.041,2.01770511623703,AURKB,MKI67,1.58559674117714
S2528,-3.56,0.00072,2.01770511623703,AURKB,MKI67,-2.70714125130326
R1760,1.37,0.004,2.01770511623703,AURKB,MKI67,-2.93982115387917
S1758,-2.27,2.3e-06,2.01770511623703,AURKB,MKI67,-1.40041903965175
S1071,-2.45,2e-04,1.70873093938498,CHEK1,MKI67,0.698602129239589
R1760,1.37,0.004,1.70873093938498,CHEK1,MKI67,2.04297808650881
S2223,-1.79,0.02,2.01770511623703,AURKB,MKI67,0.955121252685785
T2458,1.11,0.013,1.70873093938498,CHEK1,RANBP2,-0.913502912968397
T2153,-1.55,0.0058,1.70873093938498,CHEK1,RANBP2,2.48386353766546
S2510,-2.02,0.00018,1.70873093938498,CHEK1,RANBP2,0.483898000326008
S227,1.48,0.012,1.63511891831638,AKT1,RPS6KA3,-0.641012134496123
S369,1.35,0.00017,1.63511891831638,AKT1,RPS6KA3,-2.22738791489974
S715,-0.96,0.00069,1.63511891831638,AKT1,RPS6KA3,-0.590230347588658
T315,1.56,3e-04,2.54251891504263,CSNK2A1,CCNH,0.735382474958897
S481,0.87,0.0045,1.63511891831638,AKT1,ACLY,1.92284662881866
S455,1.71,1.7e-05,1.63511891831638,AKT1,ACLY,1.58602031506598
S298,1.33,0.031,2.07843746340243,MAPK14,LIMK1,1.67474043136463
S10,2.1,3.2e-08,2.54251891504263,CSNK2A1,EIF5,-2.61591044766828
S5,1.68,0.00022,1.63511891831638,AKT1,SRSF3,0.196110599208623
S363,3.56,1e-06,1.79988655274153,MTOR,HSF1,-0.910756709519774
S363,3.56,1e-06,1.63511891831638,AKT1,HSF1,2.55739727849141
S363,3.56,1e-06,2.07843746340243,MAPK14,HSF1,1.24529133550823
S94,3.56,0.0014,2.54251891504263,CSNK2A1,XPC,2.01490937964991
S1596,1.68,0.00052,2.54251891504263,CSNK2A1,EIF4G1,1.56331892777234
S1187,0.42,0.00093,2.54251891504263,CSNK2A1,EIF4G1,-2.50293947663158
S1147,-1.15,0.0067,2.54251891504263,CSNK2A1,EIF4G1,1.60081363515928
S1145,-1.15,0.0067,2.54251891504263,CSNK2A1,EIF4G1,1.34132786700502
S444,3.77,1.4e-06,2.54251891504263,CSNK2A1,SSRP1,2.44359942013398
S844,1.14,3e-04,1.70873093938498,CHEK1,CAMSAP2,0.300134274177253
S1068,1.09,0.05,1.70873093938498,CHEK1,GTF3C1,0.136995512992144
S1426,-2.71,1.2e-05,1.70873093938498,CHEK1,TP53BP1,0.773785300087184
S500,2,0.0081,1.70873093938498,CHEK1,TP53BP1,1.0438668471761
S552,3.03,3e-04,2.01770511623703,AURKB,TP53BP1,-0.38597748382017
S1430,-2.71,1.2e-05,2.01770511623703,AURKB,TP53BP1,2.74274994526058
S1426,-2.71,1.2e-05,2.01770511623703,AURKB,TP53BP1,0.810386502183974
S552,3.03,3e-04,1.70873093938498,CHEK1,TP53BP1,-0.521587138529867
S1094,0.84,0.022,2.01770511623703,AURKB,TP53BP1,-1.96880695642903
S1219,1.28,6.8e-06,1.70873093938498,CHEK1,TP53BP1,2.44088963326067
S1094,0.84,0.022,1.70873093938498,CHEK1,TP53BP1,-2.02094016037881
S1216,1.28,6.8e-06,2.01770511623703,AURKB,TP53BP1,-1.39698434527963
S500,2,0.0081,2.01770511623703,AURKB,TP53BP1,-2.33936981996521
S1430,-2.71,1.2e-05,1.70873093938498,CHEK1,TP53BP1,0.581752795726061
S1216,1.28,6.8e-06,1.70873093938498,CHEK1,TP53BP1,0.318628767505288
S1219,1.28,6.8e-06,2.01770511623703,AURKB,TP53BP1,-2.25096050603315
S320,2.44,0.00097,1.63511891831638,AKT1,STK4,-1.39115651417524
S320,2.44,0.00097,1.70873093938498,CHEK1,STK4,-0.350888347718865
S316,3.41,0.00025,1.63511891831638,AKT1,STK3,-0.431908055674285
S473,1.35,6.3e-05,1.70873093938498,CHEK1,TRIM28,-1.52189330058172
S473,1.35,6.3e-05,2.07843746340243,MAPK14,TRIM28,-0.140490618534386
S50,0.7,0.011,2.07843746340243,MAPK14,TRIM28,-2.98777682427317
S50,0.7,0.011,1.70873093938498,CHEK1,TRIM28,-2.72492268215865
S393,3.55,0.00034,2.54251891504263,CSNK2A1,HDAC1,-1.4532995573245
S280,1.29,3e-04,2.54251891504263,CSNK2A1,TNFAIP1,-1.58468896290287
S342,-2.09,0.015,1.70873093938498,CHEK1,CDK13,1.92312817834318
S437,0.62,0.026,1.70873093938498,CHEK1,CDK13,1.18824210623279
S348,-2.09,0.015,1.70873093938498,CHEK1,CDK13,-0.556346262339503
S439,0.62,0.026,1.70873093938498,CHEK1,CDK13,0.158748306334019
S397,-0.73,0.036,1.70873093938498,CHEK1,CDK13,0.400360995903611
S400,-0.73,0.036,1.70873093938498,CHEK1,CDK13,1.87632212927565
S358,1.21,0.02,1.70873093938498,CHEK1,CDK13,-0.953478114679456
T2446,1.22,0.0046,1.63511891831638,AKT1,FLNC,-0.368470669258386
S2598,-2.13,0.00086,1.63511891831638,AKT1,FLNC,-0.517058565281332
S1728,-0.6,0.041,1.63511891831638,AKT1,FLNC,0.541801113635302
S1527,0.55,0.0043,1.63511891831638,AKT1,FLNC,2.02257315209135
T2677,1.71,0.011,1.63511891831638,AKT1,FLNC,0.478002482559532
S2233,-1.06,0.00018,1.63511891831638,AKT1,FLNC,2.54690432455391
S1427,-2.45,0.0069,1.70873093938498,CHEK1,TRIP12,0.537835632450879
S241,-2.43,0.00013,1.70873093938498,CHEK1,TRIP12,0.564005993306637
T1421,-2.45,0.0069,1.70873093938498,CHEK1,TRIP12,2.83372924430296
S1376,2.64,1.5e-05,1.70873093938498,CHEK1,TRIP12,-0.682632675860077
S238,-1.13,0.016,1.70873093938498,CHEK1,TRIP12,-1.43844689615071
S239,-2.43,0.00013,1.70873093938498,CHEK1,TRIP12,-1.06976617919281
S1820,-1.78,0.0039,2.54251891504263,CSNK2A1,MDC1,1.88212725799531
S495,1.58,3.2e-05,2.54251891504263,CSNK2A1,MDC1,1.50316002359614
S485,2.29,0.00067,1.70873093938498,CHEK1,MDC1,0.462417340837419
S498,1.58,3.2e-05,2.54251891504263,CSNK2A1,MDC1,-0.164481808897108
S498,1.58,3.2e-05,1.70873093938498,CHEK1,MDC1,-1.55031435750425
S505,0.64,0.0067,1.70873093938498,CHEK1,MDC1,-0.106718892697245
T242,2.17,8.7e-06,2.54251891504263,CSNK2A1,MDC1,-1.75324200466275
S1820,-1.78,0.0039,1.70873093938498,CHEK1,MDC1,2.95209470065311
S505,0.64,0.0067,2.54251891504263,CSNK2A1,MDC1,0.67149167926982
S495,1.58,3.2e-05,1.70873093938498,CHEK1,MDC1,-1.55462814169005
S485,2.29,0.00067,2.54251891504263,CSNK2A1,MDC1,1.39153070189059
T242,2.17,8.7e-06,1.70873093938498,CHEK1,MDC1,0.645540123805404
S169,1.49,0.023,2.01770511623703,AURKB,NUMA1,0.802582830190659
S218,3.37,2.7e-07,2.54251891504263,CSNK2A1,SEPTIN2,-0.0157763469032943
S104,1.1,0.036,1.63511891831638,AKT1,PEA15,-0.199625184293836
S116,2.39,0.00011,1.63511891831638,AKT1,PEA15,-2.27251864643767
S4386,-0.57,0.0065,2.01770511623703,AURKB,PLEC,-0.117418839130551
S4396,-1.56,0.0047,2.01770511623703,AURKB,PLEC,-2.01329601416364
S4613,-0.85,6e-04,2.01770511623703,AURKB,PLEC,2.47549712704495
S1721,0.59,0.0018,2.01770511623703,AURKB,PLEC,2.73303451342508
S720,1.45,0.0033,2.01770511623703,AURKB,PLEC,2.34016868658364
S1435,0.77,0.037,2.01770511623703,AURKB,PLEC,-0.937975181266665
T4030,1.44,0.0012,2.01770511623703,AURKB,PLEC,-1.04264854453504
S4389,-0.57,0.0065,2.01770511623703,AURKB,PLEC,-0.845548247918487
T2886,1.46,2.8e-05,2.01770511623703,AURKB,PLEC,-0.586782527156174
S1223,1.68,1e-04,1.70873093938498,CHEK1,MED1,1.21363011421636
T487,1.37,4.2e-05,2.07843746340243,MAPK14,EZH2,-1.68034890806302
T416,-0.74,0.0096,1.63511891831638,AKT1,EZH2,-2.8178736702539
T487,1.37,4.2e-05,1.63511891831638,AKT1,EZH2,0.507781375665218
T416,-0.74,0.0096,2.07843746340243,MAPK14,EZH2,-2.15841946005821
S244,0.94,0.02,1.70873093938498,CHEK1,CCDC6,1.55560679035261
S323,1.27,1.9e-05,1.70873093938498,CHEK1,CCDC6,-0.217126754578203
S457,0.9,0.003,1.63511891831638,AKT1,PDCD4,-2.52680065529421
S94,1.39,0.00021,1.63511891831638,AKT1,PDCD4,-2.96641950728372
S326,2.28,5.7e-05,2.01770511623703,AURKB,COBLL1,0.151137546636164
T260,-1.16,0.045,2.01770511623703,AURKB,COBLL1,2.83896577684209
S256,-1.16,0.045,2.01770511623703,AURKB,COBLL1,-1.22262986842543
S7,1.5,0.05,2.01770511623703,AURKB,H2BC18,2.02712549082935
S7,1.5,0.05,1.63511891831638,AKT1,H2BC18,1.80361467925832
S3860,3.16,2.7e-07,1.79988655274153,MTOR,UBR4,-1.60447825212032
S795,1.16,0.02,1.70873093938498,CHEK1,RBM26,-0.848968607839197
T925,2.08,0.00055,1.70873093938498,CHEK1,CTR9,2.94688604213297
S774,-1.61,5e-05,1.79988655274153,MTOR,LARP1,2.61839838791639
T649,0.69,0.041,1.79988655274153,MTOR,LARP1,-1.35359420953318
S546,1.62,0.049,1.79988655274153,MTOR,LARP1,0.212032590061426
S517,2.1,0.029,1.79988655274153,MTOR,LARP1,0.265586799010634
S524,1.7,0.036,1.79988655274153,MTOR,SRRM1,-1.56918415892869
S450,1.44,0.0044,1.79988655274153,MTOR,SRRM1,-0.158192005008459
S740,-1.99,7.2e-06,1.79988655274153,MTOR,SRRM1,1.1702489303425
S530,1.7,0.036,1.79988655274153,MTOR,SRRM1,0.541025059763342
S526,1.7,0.036,1.79988655274153,MTOR,SRRM1,2.11004917742684
S402,1.68,0.0056,1.79988655274153,MTOR,SRRM1,1.67935868958011
S713,3.18,7.2e-06,1.79988655274153,MTOR,SRRM1,-0.169594838283956
S696,1.3,0.036,1.79988655274153,MTOR,SRRM1,-0.930708863306791
T872,0.92,0.023,1.79988655274153,MTOR,SRRM1,-0.495544760953635
S597,0.62,0.027,1.79988655274153,MTOR,SRRM1,-2.41908868588507
S874,2.26,0.0073,1.79988655274153,MTOR,SRRM1,2.28794405143708
S626,1.03,0.023,1.79988655274153,MTOR,SRRM1,-0.607559499330819
S393,1.17,0.011,1.79988655274153,MTOR,SRRM1,-2.43791286740452
S738,-1.99,7.2e-06,1.79988655274153,MTOR,SRRM1,-2.32788920681924
S528,1.7,0.036,1.79988655274153,MTOR,SRRM1,2.36235631909221
S628,1.03,0.023,1.79988655274153,MTOR,SRRM1,1.22656549466774
S389,1.17,0.011,1.79988655274153,MTOR,SRRM1,0.56658651586622
S228,4.12,2e-06,2.54251891504263,CSNK2A1,ABCF1,-1.44660058664158
S109,1.77,1.8e-05,2.54251891504263,CSNK2A1,ABCF1,-2.36465245764703
S1475,3.44,6.8e-06,2.01770511623703,AURKB,GBF1,-2.4191366750747
S1475,3.44,6.8e-06,2.54251891504263,CSNK2A1,GBF1,1.03406758932397
T244,1.56,0.017,2.54251891504263,CSNK2A1,ANP32B,-0.821733963210136
S394,3.85,1.1e-06,2.54251891504263,CSNK2A1,HDAC2,2.18908065464348
S181,1.35,4.1e-05,2.07843746340243,MAPK14,KHSRP,-0.472146966028959
S181,1.35,4.1e-05,1.63511891831638,AKT1,KHSRP,1.6757211657241
S782,1.85,7.3e-05,1.70873093938498,CHEK1,ARHGEF2,1.53546643210575
S648,2.87,5.4e-05,1.70873093938498,CHEK1,ARHGEF2,-2.46787711093202
S645,1.56,8.6e-07,1.70873093938498,CHEK1,ARHGEF2,-2.40763186616823
S202,1.41,0.025,2.07843746340243,MAPK14,KAT5,-1.3273512753658
S199,1.41,0.025,2.07843746340243,MAPK14,KAT5,-1.310933356639
S155,3.45,0.00013,2.07843746340243,MAPK14,RBM17,0.93482858967036
S163,1.09,0.012,1.70873093938498,CHEK1,BUD13,1.29110839823261
T159,1.09,0.012,1.70873093938498,CHEK1,BUD13,-2.08505337545648
S271,-1.6,0.016,1.70873093938498,CHEK1,BUD13,2.9477342502214
S235,0.58,0.0055,1.70873093938498,CHEK1,BUD13,1.85708662681282
S708,1.98,0.00021,1.63511891831638,AKT1,NIBAN1,1.79154080199078
S82,2.12,3.3e-05,1.70873093938498,CHEK1,DDX24,2.93521680124104
S101,2.04,2e-04,1.63511891831638,AKT1,RANBP3,-1.91834238963202
S108,2.04,2e-04,1.63511891831638,AKT1,RANBP3,-1.21990382205695
S315,2.42,0.0034,2.01770511623703,AURKB,SH2D4A,-1.93541071610525
S611,1.07,3.5e-06,2.01770511623703,AURKB,ARHGAP23,2.37982288794592
S647,1.24,2e-05,2.01770511623703,AURKB,ARHGAP23,-1.0754766035825
S623,1.74,4e-05,2.01770511623703,AURKB,ARHGAP23,-0.616731053218246
S361,1.21,0.0078,2.01770511623703,AURKB,ARHGAP23,0.0292080771178007
T268,2.36,9.4e-07,1.63511891831638,AKT1,METTL1,-0.25266721425578
S1342,2.4,1e-06,2.07843746340243,MAPK14,BAZ1B,2.96479013096541
S1468,2.3,3.4e-05,2.07843746340243,MAPK14,BAZ1B,-0.393715431913733
S349,-2.24,1.2e-05,2.07843746340243,MAPK14,BAZ1B,1.17599165858701
S295,1.44,0.0044,1.70873093938498,CHEK1,RALY,-1.29039381863549
S135,-0.68,0.031,1.70873093938498,CHEK1,RALY,-2.02924584131688
S288,1.1,4.2e-05,1.70873093938498,CHEK1,RALY,2.5202891738154
T298,1.41,0.00017,1.70873093938498,CHEK1,RALY,-1.08729703724384
T286,1.1,4.2e-05,1.70873093938498,CHEK1,RALY,-0.822288287803531
S216,2.02,0.00011,1.63511891831638,AKT1,ACIN1,0.0175337819382548
S657,0.55,0.012,1.63511891831638,AKT1,ACIN1,2.68476235633716
S388,2.26,0.015,1.63511891831638,AKT1,ACIN1,-2.86215099832043
S655,-1.61,0.019,1.63511891831638,AKT1,ACIN1,1.54768277239054
S386,2.26,0.015,1.63511891831638,AKT1,ACIN1,1.14632540009916
S240,-1.11,0.0026,1.63511891831638,AKT1,ACIN1,-0.577142962720245
S561,1.42,0.0087,1.63511891831638,AKT1,ACIN1,-0.0507995565421879
S243,-1.11,0.0026,1.63511891831638,AKT1,ACIN1,-2.88433378469199
S1004,1.15,0.00099,1.63511891831638,AKT1,ACIN1,2.12357059400529
S895,1.83,0.027,1.70873093938498,CHEK1,SRRM2,1.32866057474166
T2069,-1.71,0.0049,1.79988655274153,MTOR,SRRM2,-1.88229165924713
S1750,-2.37,0.00072,1.70873093938498,CHEK1,SRRM2,-0.426284205168486
S952,-0.83,0.0072,1.70873093938498,CHEK1,SRRM2,-2.97347776964307
S1521,-2.2,1e-04,1.79988655274153,MTOR,SRRM2,-1.30941290315241
T2104,-1.96,0.011,1.70873093938498,CHEK1,SRRM2,-0.886261072475463
S1600,-1.19,0.029,1.70873093938498,CHEK1,SRRM2,-2.61329724546522
S1188,0.94,0.019,1.70873093938498,CHEK1,SRRM2,0.287759992294014
S1522,-1.48,0.0072,1.70873093938498,CHEK1,SRRM2,2.94694143114612
T1531,-1.67,0.0018,1.70873093938498,CHEK1,SRRM2,-1.21623196313158
S1732,2.35,0.04,1.70873093938498,CHEK1,SRRM2,0.909712989348918
S1581,-0.94,0.011,1.70873093938498,CHEK1,SRRM2,1.92327793501318
S2102,-1.96,0.011,1.70873093938498,CHEK1,SRRM2,-1.25787798827514
S790,0.89,0.0039,1.70873093938498,CHEK1,SRRM2,2.33692603278905
T792,0.89,0.0039,1.70873093938498,CHEK1,SRRM2,0.8403475061059
T1531,-1.67,0.0018,1.79988655274153,MTOR,SRRM2,-0.134006786160171
S1864,-1.3,0.039,1.70873093938498,CHEK1,SRRM2,-2.24079601792619
S895,1.83,0.027,1.79988655274153,MTOR,SRRM2,1.42763832444325
S1579,-0.94,0.011,1.79988655274153,MTOR,SRRM2,-2.52323493082076
S353,-2.78,0.0012,1.79988655274153,MTOR,SRRM2,-0.61989031964913
S883,0.77,0.021,1.70873093938498,CHEK1,SRRM2,-1.2406629784964
T1492,-2.37,0.0024,1.70873093938498,CHEK1,SRRM2,-0.413163608405739
S1179,-0.58,0.036,1.70873093938498,CHEK1,SRRM2,-0.239475248381495
S1731,2.35,0.04,1.79988655274153,MTOR,SRRM2,-2.4962585340254
S1727,2.35,0.04,1.70873093938498,CHEK1,SRRM2,1.68581395223737
S782,-1.48,0.046,1.70873093938498,CHEK1,SRRM2,-0.318915217649192
S1521,-2.2,1e-04,1.70873093938498,CHEK1,SRRM2,1.47508770413697
S1975,0.83,0.044,1.70873093938498,CHEK1,SRRM2,-2.41906474996358
S764,-1.57,0.01,1.70873093938498,CHEK1,SRRM2,0.535002036485821
S1579,-0.94,0.011,1.70873093938498,CHEK1,SRRM2,0.757473214063793
S2071,-1.71,0.0049,1.79988655274153,MTOR,SRRM2,-1.62226807046682
S1589,-2.11,0.0028,1.70873093938498,CHEK1,SRRM2,2.27124336501583
S1592,-2.11,0.0028,1.70873093938498,CHEK1,SRRM2,0.910646304488182
S1589,-2.11,0.0028,1.79988655274153,MTOR,SRRM2,-0.768552311696112
S954,-1.42,0.0044,1.79988655274153,MTOR,SRRM2,-0.367453567218035
S353,-2.78,0.0012,1.70873093938498,CHEK1,SRRM2,-1.42629318544641
S763,-1.57,0.01,1.70873093938498,CHEK1,SRRM2,2.51714695477858
T2069,-1.71,0.0049,1.70873093938498,CHEK1,SRRM2,-0.806289420928806
S144,-1.94,0.031,1.70873093938498,CHEK1,SRRM2,-1.86466089030728
S1497,-2.37,0.0024,1.79988655274153,MTOR,SRRM2,-1.06173177156597
T792,0.89,0.0039,1.79988655274153,MTOR,SRRM2,-0.120713583659381
S876,1.42,0.00014,1.70873093938498,CHEK1,SRRM2,-2.19764486979693
T1434,-0.9,0.045,1.70873093938498,CHEK1,SRRM2,-0.534108818974346
S2071,-1.71,0.0049,1.70873093938498,CHEK1,SRRM2,1.11581658152863
S2100,-1.38,0.049,1.70873093938498,CHEK1,SRRM2,1.01288479752839
S2100,-1.38,0.049,1.79988655274153,MTOR,SRRM2,-2.23550033010542
S1592,-2.11,0.0028,1.79988655274153,MTOR,SRRM2,-2.49283570703119
S1729,2.35,0.04,1.79988655274153,MTOR,SRRM2,2.76442437618971
S2102,-1.96,0.011,1.79988655274153,MTOR,SRRM2,-2.71431186469272
S780,-1.48,0.046,1.70873093938498,CHEK1,SRRM2,1.41695202095434
S1975,0.83,0.044,1.79988655274153,MTOR,SRRM2,-0.814632542431355
S1749,-2.37,0.00072,1.70873093938498,CHEK1,SRRM2,2.85759658087045
S954,-1.42,0.0044,1.70873093938498,CHEK1,SRRM2,0.531707558780909
S1750,-2.37,0.00072,1.79988655274153,MTOR,SRRM2,2.93086284818128
S1537,-1.81,0.00053,1.79988655274153,MTOR,SRRM2,2.7981788800098
S1537,-1.81,0.00053,1.70873093938498,CHEK1,SRRM2,1.93294192152098
S883,0.77,0.021,1.79988655274153,MTOR,SRRM2,-0.771050160750747
S2046,-1.7,0.001,1.70873093938498,CHEK1,SRRM2,-2.22616187576205
S782,-1.48,0.046,1.79988655274153,MTOR,SRRM2,0.756149446126074
S1729,2.35,0.04,1.70873093938498,CHEK1,SRRM2,-0.569553730543703
S876,1.42,0.00014,1.79988655274153,MTOR,SRRM2,-2.08798967069015
S2382,-2.32,0.00021,1.70873093938498,CHEK1,SRRM2,2.65743817202747
S1497,-2.37,0.0024,1.70873093938498,CHEK1,SRRM2,2.05452843988314
S875,0.96,0.0052,1.79988655274153,MTOR,SRRM2,-2.37959309667349
S1731,2.35,0.04,1.70873093938498,CHEK1,SRRM2,-1.5203535463661
S1727,2.35,0.04,1.79988655274153,MTOR,SRRM2,0.118073006160557
S1581,-0.94,0.011,1.79988655274153,MTOR,SRRM2,-1.16526567935944
S952,-0.83,0.0072,1.79988655274153,MTOR,SRRM2,-1.4381382856518
S790,0.89,0.0039,1.79988655274153,MTOR,SRRM2,-0.278860559687018
S2046,-1.7,0.001,1.79988655274153,MTOR,SRRM2,2.79908578796312
S957,-1.88,0.018,1.79988655274153,MTOR,SRRM2,0.774643098469824
S1522,-1.48,0.0072,1.79988655274153,MTOR,SRRM2,-2.76079688547179
S763,-1.57,0.01,1.79988655274153,MTOR,SRRM2,-2.74695631256327
T1413,-1.36,1.4e-05,1.70873093938498,CHEK1,SRRM2,-0.368788515217602
S1732,2.35,0.04,1.79988655274153,MTOR,SRRM2,2.73800599761307
T1413,-1.36,1.4e-05,1.79988655274153,MTOR,SRRM2,-2.61132959648967
S1749,-2.37,0.00072,1.79988655274153,MTOR,SRRM2,2.48760233586654
S2581,1.42,0.0026,1.79988655274153,MTOR,SRRM2,-0.629645309876651
S144,-1.94,0.031,1.79988655274153,MTOR,SRRM2,-1.21958470344543
S1864,-1.3,0.039,1.79988655274153,MTOR,SRRM2,1.66659574722871
S2581,1.42,0.0026,1.70873093938498,CHEK1,SRRM2,0.768636396154761
T1434,-0.9,0.045,1.79988655274153,MTOR,SRRM2,-2.86162905720994
S1600,-1.19,0.029,1.79988655274153,MTOR,SRRM2,-0.764851148240268
T1492,-2.37,0.0024,1.79988655274153,MTOR,SRRM2,-2.51999426772818
S780,-1.48,0.046,1.79988655274153,MTOR,SRRM2,2.86661811964586
S1188,0.94,0.019,1.79988655274153,MTOR,SRRM2,-2.67434364790097
S1179,-0.58,0.036,1.79988655274153,MTOR,SRRM2,-1.07269269693643
S875,0.96,0.0052,1.70873093938498,CHEK1,SRRM2,-2.68603345798329
S764,-1.57,0.01,1.79988655274153,MTOR,SRRM2,2.6142410505563
S957,-1.88,0.018,1.70873093938498,CHEK1,SRRM2,-0.477763937786222
S2382,-2.32,0.00021,1.79988655274153,MTOR,SRRM2,-1.41134393680841
T2104,-1.96,0.011,1.79988655274153,MTOR,SRRM2,0.293015948496759
A422,1.34,0.00022,2.54251891504263,CSNK2A1,CTDP1,1.9149345299229
S56,3.25,3.9e-07,1.63511891831638,AKT1,RBM8A,2.32393420161679
S42,0.54,0.017,1.63511891831638,AKT1,RBM8A,1.55366740934551
