ProteinAccession,PhosphoSiteID,log2FC,pValue
Q9NRG9,S495,-0.25,0.79
Q6PD74,S310,0.07,0.95
Q6PD74,S311,0.07,0.95
Q2M2I8,S624,-0.68,0.075
Q2M2I8,S637,-0.46,0.62
Q2M2I8,S678,-0.05,0.93
Q2M2I8,T606,-0.5,0.52
Q2M2I8,T620,-0.68,0.075
P08183,S590,NA,NA
P08183,S671,0.25,0.66
P08183,S683,1.24,0.015
O15438,S908,-0.26,0.41
O15438,S911,-0.73,0.015
O15438,S912,-0.73,0.015
O15439,T646,0.93,0.0051
O15440,S509,0.12,0.48
O15440,T513,0.12,0.48
Q8NE71,S105,0.98,0.15
Q8NE71,S109,1.77,1.8e-05
Q8NE71,S22,-0.14,0.67
Q8NE71,S228,4.12,2e-06
Q8IZP0,S183,-0.94,0.27
Q8IZP0,S187,-1.15,0.29
Q8IZP0,S225,-2.19,0.087
Q8IZP0,S323,-0.71,0.17
Q9NYB9,S227,-1.28,0.00067
P00519,S683,-0.91,0.076
P00519,S718,0.71,0.038
P42684,S620,-0.42,0.41
P42684,S631,-0.89,0.059
P42684,S783,NA,NA
O14639,S431,-0.81,0.0056
O14639,S655,0.42,0.18
O14639,S706,-0.28,0.42
O94929,S373,NA,NA
O94929,S503,Inf,0
Q12979,S632,0.24,0.28
Q12979,S638,0.31,0.55
Q12979,S72,-1.61,0.0046
Q8N961,S365,-0.33,0.53
Q13085,S80,-0.25,0.37
Q15057,S521,0.37,0.77
Q15057,S540,-0.32,0.026
P24752,S14,1.39,0.059
P24752,S16,1.39,0.059
Q9UKV3,S1004,1.15,0.00099
Q9UKV3,S1331,-1.23,0.093
Q9UKV3,S216,2.02,0.00011
Q9UKV3,S240,-1.11,0.0026
Q9UKV3,S243,-1.11,0.0026
Q9UKV3,S386,2.26,0.015
Q9UKV3,S388,2.26,0.015
Q9UKV3,S561,1.42,0.0087
Q9UKV3,S655,-1.61,0.019
Q9UKV3,S657,0.55,0.012
Q9UKV3,S710,0,0.99
Q9UKV3,S838,0.15,0.85
Q9UKV3,S990,NA,NA
Q9UKV3,T1332,-1.23,0.093
P53396,S455,1.71,1.7e-05
P53396,S481,0.87,0.0045
Q9NR19,S12,0.24,0.31
Q9NR19,S263,1.14,0.00019
Q9NR19,S267,0.81,0.0046
Q9NR19,S28,0.5,0.13
Q9NR19,S30,0.5,0.13
P60709,S323,0.41,0.34
P60709,S33,0.95,0.15
P60709,S52,0.47,0.085
P60709,T324,0.1,0.94
O96019,S233,0.4,0.17
P12814,S348,0.66,0.0047
P12814,S91,0.39,0.0088
Q9H981,S132,-0.49,0.13
P55265,S491,-Inf,0
O43306,S576,-0.31,0.41
P35611,S358,1.08,0.00075
Q9UEY8,S42,-1.61,8.3e-05
Q9UEY8,S693,-2.12,0.02
Q86SQ4,S1153,NA,NA
Q86SQ4,S1165,NA,NA
O95490,S1112,0.1,0.65
Q16186,T217,-0.18,0.8
Q8N142,S449,-0.37,0.46
P30520,S448,-0.37,0.46
Q6ZN18,S141,NA,NA
Q6ZN18,S206,-1.05,0.0065
Q6ZN18,S24,-1.16,0.27
Q6ZN18,S390,-Inf,0
Q8N556,S664,-Inf,0
Q8N556,S668,-0.03,0.94
Q8TED9,S583,NA,NA
Q8TED9,S586,NA,NA
Q8TED9,S603,0.23,0.57
P55196,S1172,NA,NA
P55196,S1173,-1.36,0.094
P55196,S1182,-1.36,0.094
P55196,S1275,0.62,0.058
P55196,S1799,-Inf,0
P55196,S216,-1.53,0.015
Q9UHB7,S180,NA,NA
Q9UHB7,S836,0.04,0.85
P52594,S181,-1.42,0.056
Q8WYP5,S1160,-0.28,0.47
Q8WYP5,S528,-0.7,0.18
Q8WYP5,T1229,1.09,0.0078
Q09666,A1320,-1.89,0.00094
Q09666,A3742,-0.01,0.99
Q09666,S5099,-1.19,3.3e-06
Q09666,S5731,-1.02,0.00047
Q09666,S5739,NA,NA
Q09666,S5749,-0.31,0.3
Q09666,S5752,-1.11,0.0011
Q09666,S5763,-1.84,0.054
Q09666,S5769,0.6,0.39
Q09666,S5780,NA,NA
Q09666,S5782,0.24,0.31
Q09666,S5841,0.67,0.1
Q09666,T5794,NA,NA
Q09666,T5824,-0.49,0.37
P02765,S138,-1.57,0.00049
O95831,S268,0.41,0.062
Q96IF1,S263,-1.11,0.0052
Q92667,S107,-1.2,0.15
O43572,S281,-1.61,0.00011
O43572,S96,1.2,0.0091
Q9UKA4,N1230,-0.55,0.36
Q9UKA4,S1242,-1.17,0.035
Q9UKA4,S1580,0.42,0.051
Q9UKA4,S422,NA,NA
Q02952,S1395,0.92,0.02
Q02952,S514,-1.29,0.0034
Q02952,S544,1.94,0.076
Q02952,S598,2.08,2.2e-05
Q02952,S612,-0.95,0.051
Q02952,T618,-0.95,0.051
Q12802,S1559,-0.43,0.057
Q12802,S1565,0.14,0.54
Q12802,S1602,0.35,0.074
Q12802,S1642,NA,NA
Q12802,S1645,NA,NA
Q12802,S1857,-1.85,0.006
Q12802,S1876,-0.76,0.59
Q12802,S1929,0.69,0.038
Q12802,S2398,0.9,0.00081
Q12802,S2563,0.47,0.078
Q12802,S2728,-1.57,0.0071
Q12802,S983,NA,NA
Q12802,T2411,Inf,0
Q12802,T2467,1.65,0.012
P15121,S23,1.18,0.0046
O60218,S23,0.36,0.1
Q8NHP1,S6,3.49,0.00033
P31749,S124,1.12,0.079
P31749,S129,1.24,0.27
Q96B36,T246,-1.62,0.0052
Q9H8T0,S30,0.36,0.69
Q9H8T0,T29,NA,NA
P02768,S443,-2.43,0.049
P02768,S451,-2.08,0.049
P00352,S413,1.24,9.4e-05
P04075,S36,NA,NA
P04075,S39,0.51,0.021
P04075,S46,0.36,0.11
Q6P6C2,S361,-0.29,0.4
P18054,S246,0.5,0.078
P05186,S110,NA,NA
P05186,Y117,NA,NA
Q86V81,S239,0.33,0.41
Q86V81,S257,NA,NA
Q86V81,S34,-1.64,0.00049
Q9C0C7,S1205,-0.91,0.013
Q9C0C7,S1227,-1.74,4e-05
Q9Y2J4,S157,-0.71,0.01
Q9Y2J4,S159,-0.71,0.01
Q9Y2J4,S183,-0.72,0.031
Q01433,S168,0.85,5.4e-06
Q9H1A4,S355,-Inf,0
Q9H1A4,S377,-Inf,0
Q9H1A4,S686,-0.37,0.55
Q9H1A4,S688,0.35,0.034
P16157,S1686,0.04,0.84
Q01484,S31,-0.84,0.3
Q9P2G1,S737,0.78,0.0022
Q86XL3,S512,-3.68,8.6e-07
Q86XL3,S528,-1.36,0.03
Q86XL3,S662,-1.89,0.0033
Q53RE8,S153,-Inf,0
Q9ULJ7,S1222,-0.63,0.43
Q6NXT1,S63,0.46,0.17
Q9NQW6,S182,-Inf,0
Q9NQW6,S323,-1.36,0.0013
Q9NQW6,S485,NA,NA
Q9NQW6,S661,-Inf,0
Q9NQW6,S927,-Inf,0
Q9NQW6,T397,-Inf,0
Q9NQW6,T401,-Inf,0
Q92688,T244,1.56,0.017
O95626,S17,4.17,9.4e-07
O95626,T15,1.32,9.2e-05
P04083,S37,-0.57,0.066
P04083,Y39,0.78,0.87
P07355,S12,1.55,0.094
P07355,S26,NA,NA
P07355,T19,-1.09,0.0014
P07355,Y24,1.3,0.0026
P09525,S12,0.57,0.02
O14617,S658,0.87,0.0067
O14617,S829,-0.62,4.3e-05
O14617,S9,0.42,0.58
Q92870,S393,NA,NA
Q92870,S409,-0.68,0.039
Q92870,S412,-0.68,0.039
P25054,S1044,Inf,0
P25054,S2283,-Inf,0
P25054,S2449,-0.51,0.37
P25054,S2533,-0.21,0.56
P25054,S2535,-0.21,0.56
P25054,S780,0.31,0.28
P25054,T1438,1.63,0.12
P25054,T2442,-0.51,0.37
Q9BZZ5,S464,0.07,0.85
Q9UKG1,S401,-0.2,0.46
P10398,T224,NA,NA
Q8N6H7,S146,-0.07,0.9
Q9NP61,S331,-0.92,0.0027
Q9Y6D6,S234,-Inf,0
Q9Y6D6,S237,-Inf,0
Q9Y6D6,S243,-Inf,0
Q9Y6D5,S218,1.12,0.0017
Q9Y6D5,S227,1.12,0.0017
Q9NWB6,S77,-1.57,0.057
Q07960,S51,1.98,0.0021
Q5T5U3,S459,0.61,0.093
Q5T5U3,S857,0.15,0.72
Q5T5U3,S954,0.37,0.16
Q9P227,S1393,0.97,0.091
Q9P227,S351,-0.09,0.89
Q9P227,S361,1.21,0.0078
Q9P227,S372,-0.29,0.39
Q9P227,S423,0.12,0.83
Q9P227,S598,Inf,0
Q9P227,S611,1.07,3.5e-06
Q9P227,S623,1.74,4e-05
Q9P227,S647,1.24,2e-05
Q52LW3,S1019,-0.31,0.49
Q52LW3,S1029,-2.74,0.015
Q52LW3,S559,0,0.99
Q52LW3,S930,-0.43,0.086
Q52LW3,S949,1.01,0.0088
Q2M1Z3,S1178,-0.43,0.37
A7KAX9,S892,-0.13,0.78
Q9C0H5,S286,-Inf,0
Q9C0H5,S604,0.64,0.0041
Q13017,S1173,-1.16,0.0086
Q13017,S1176,-1.16,0.0086
O43182,S820,NA,NA
O15085,S1411,0.99,0.071
O15085,S1413,0.99,0.071
O15085,S251,NA,NA
O15085,S255,NA,NA
O15085,T1461,NA,NA
O15085,T668,NA,NA
Q9NZN5,S1288,-0.51,0.014
Q9NZN5,S1541,NA,NA
Q9NZN5,S1544,-0.31,0.4
Q96PE2,S546,0.28,0.7
Q6ZSZ5,S1289,-0.81,0.14
Q6ZSZ5,S1291,-0.81,0.14
Q92974,S151,-0.88,0.19
Q92974,S163,-0.88,0.19
Q92974,S174,0.37,0.21
Q92974,S645,1.56,8.6e-07
Q92974,S648,2.87,5.4e-05
Q92974,S782,1.85,7.3e-05
Q92974,S932,0.26,0.75
Q8N1W1,S478,1.09,0.015
Q8N1W1,S486,1.09,0.015
Q8N1W1,S758,-0.15,0.88
Q8N4T4,C10,-Inf,0
Q8TER5,S961,0.41,0.26
Q12774,T896,NA,NA
Q14155,S249,Inf,0
Q14155,S518,0.61,0.027
O14497,S363,-1.43,0.26
Q8NFD5,S1555,-Inf,0
Q14865,S1032,-0.36,0.34
P36405,S5,NA,NA
Q8N6S5,S80,0.81,0.009
Q5H9R4,S1891,NA,NA
Q5H9R4,S1892,NA,NA
P27540,S77,0.55,0.025
Q9BPX5,S64,0.15,0.77
P56211,S62,-0.21,0.79
P49407,S412,Inf,0
Q9ULH1,S1008,0.27,0.76
Q9ULH1,S1027,0.85,0.00055
Q9ULH1,S839,0.77,0.037
Q9ULH1,S843,0.14,0.59
Q6PL18,S1302,-Inf,0
Q6PL18,S327,-2.88,0.21
Q6VMQ6,S559,-0.1,0.5
Q96BY7,S497,1.58,1.6e-06
Q7Z3C6,S656,-1.31,8.3e-06
Q8WXF7,S10,0.02,0.94
Q6DD88,S3,-3.73,6.8e-06
P54259,S101,NA,NA
P54259,S34,0.46,0.47
P54259,S645,Inf,0
Q9HD20,S899,-1.09,0.0015
Q9H7F0,S817,Inf,0
P16615,S663,0.18,0.61
P20020,S17,NA,NA
Q8WXE1,S224,-1.17,0.034
Q8WXE1,S449,0.67,0.048
P46100,S675,1.46,0.033
P46100,S677,1.46,0.033
P46100,S729,NA,NA
P46100,S731,NA,NA
P46100,S849,0.92,0.56
P46100,S850,0.92,0.56
P46100,T674,1.46,0.033
P54253,S775,0.53,0.009
Q99700,S466,0.17,0.29
Q99700,S513,NA,NA
Q99700,S624,-1.23,0.38
Q99700,T741,1.16,0.078
Q8WWM7,S306,-3.46,1.8e-06
Q8WWM7,S339,-0.42,0.43
Q8WWM7,S424,-Inf,0
Q8WWM7,S449,-0.08,0.89
Q8WXX7,S856,-Inf,0
Q9NWV8,S29,-0.07,0.83
Q9NWV8,S8,Inf,0
Q92934,S99,-0.62,0.05
O95816,S20,0.65,0.027
O95816,S73,1.18,0.013
O95817,S136,-1.4,0.078
O95817,S264,-0.85,0.53
O95429,S179,-1.82,0.0022
Q9UQB8,S325,-3.72,0.00014
Q9UQB8,S366,0.14,0.56
Q9UQB8,T340,-0.03,0.94
Q9UQB8,T360,0.67,0.085
Q8IXM2,S110,NA,NA
Q8IXM2,S96,-0.59,9.3e-05
Q9NRL2,S1363,-0.63,0.69
Q9NRL2,S1371,-Inf,0
Q9NRL2,S1413,-2.86,3.4e-05
Q9NRL2,S1417,-2.86,3.4e-05
Q9NRL2,T1367,-0.63,0.69
Q9NRL2,T1547,-1.41,0.00056
Q9UIG0,S1342,2.4,1e-06
Q9UIG0,S1468,2.3,3.4e-05
Q9UIG0,S349,-2.24,1.2e-05
Q9UIG0,S361,0.59,0.061
Q9UIF9,S1051,0.44,0.28
Q9UIF9,S1770,0.67,0.13
Q9UIF9,S1783,-0.35,0.17
Q9UIF9,T1050,-0.08,0.76
Q8WY36,S159,-0.33,0.53
Q9H6U6,S850,Inf,0
P12694,S337,0.75,0.0029
P12694,S347,0.24,0.48
P12694,Y345,NA,NA
O14874,S31,0.78,0.0069
O95999,S138,2.41,7.6e-09
Q9HB09,S242,0.62,6.6e-05
Q9BXK5,S444,1.54,0.0011
Q86UU0,S116,Inf,0
Q86UU0,S118,0.62,0.13
Q86UU0,S121,-Inf,0
Q86UU0,S21,0.74,0.18
Q9NYF8,S177,1.65,3.6e-06
Q9NYF8,S264,-0.02,0.97
Q9NYF8,S268,1.53,0.027
Q9NYF8,S290,-0.52,0.19
Q9NYF8,S297,-0.52,0.19
Q9NYF8,S300,1.92,1.2e-05
Q9NYF8,S397,2.45,3.8e-06
Q9NYF8,S496,1.79,0.00045
Q9NYF8,S512,3,2.1e-06
Q9NYF8,S531,0.51,0.034
Q9NYF8,S648,0.83,0.2
Q9NYF8,S658,0.88,0.00015
Q9NYF8,S690,1.02,0.0013
A2AJT9,S15,0.05,0.92
A2AJT9,S17,0.05,0.92
A2AJT9,S402,-Inf,0
Q6W2J9,S1139,NA,NA
O15155,S50,NA,NA
Q9H694,S766,0.48,0.38
Q9H694,S803,0.26,0.44
Q8TD16,S574,NA,NA
Q8TD16,S582,-0.57,0.069
O00499,S331,-0.69,0.14
Q9NR09,S2222,NA,NA
Q86UB2,P236,2.94,1.9e-05
Q13867,P58,NA,NA
Q6QNY0,S65,0.22,0.6
Q6QNY0,T63,0.22,0.6
P53004,S230,0.06,0.8
Q13873,S515,-Inf,0
Q13873,S757,0.86,0.19
Q13873,T977,1.22,0.007
Q14692,S552,0.03,0.95
O60238,S166,NA,NA
Q8NFC6,S1531,1.1,0.0071
Q8NFC6,S2779,1.05,0.0073
Q8NFC6,S2780,1.05,0.0073
Q8NFC6,S2964,0.56,0.0093
Q8NFC6,S3019,-0.81,0.091
Q8NFC6,S3029,0.04,0.86
Q8NFC6,S659,2.28,4e-04
Q8NFC6,S902,Inf,0
Q8NFC6,T2956,1.56,0.035
Q14137,T106,1.49,0.026
Q12830,S1231,0.09,0.65
P15056,S151,2.48,0.025
P15056,S419,-1.22,0.079
P15056,S446,1.24,0.0059
O95696,S1052,-0.01,0.98
O95696,S1055,-0.01,0.98
O95696,S852,Inf,0
O95696,T1051,NA,NA
P25440,S298,-1.29,0.034
P25440,S301,-1.29,0.034
Q15059,S563,Inf,0
O60885,S1117,-0.94,0.15
Q9BX63,S206,NA,NA
Q9BX63,S990,-0.53,0.23
P55201,S460,1.34,0.021
P55201,S462,1.34,0.021
Q9NSI6,S1475,-1.6,0.0014
Q9NSI6,S1943,0.22,0.77
Q9NSI6,S2018,0.32,0.24
Q9NSI6,S2020,0.32,0.24
Q9NSI6,S696,0.57,0.0055
P20290,S30,-0.33,0.7
O43683,S649,-Inf,0
Q9BRD0,S127,NA,NA
Q9BRD0,S163,1.09,0.012
Q9BRD0,S222,0.23,0.58
Q9BRD0,S226,0.23,0.58
Q9BRD0,S235,0.58,0.0055
Q9BRD0,S271,-1.6,0.016
Q9BRD0,T159,1.09,0.012
Q13895,S98,2.82,3.3e-06
Q7L1Q6,S411,1.14,0.0026
Q7L1Q6,S413,1.14,0.0026
Q8N5I9,S178,-1.21,0.027
Q14CZ0,S266,NA,NA
Q96B23,S145,-0.56,0.15
Q8NDD1,S78,-1.27,0.11
Q8IYL3,S219,NA,NA
Q8N6N3,S158,Inf,0
O14523,S374,NA,NA
O14523,S631,-1.38,0.026
O14523,S662,-Inf,0
Q4AC94,S1652,Inf,0
Q8TF44,S156,-0.31,0.42
Q86YS7,S323,1.1,0.011
Q9NZ63,S15,1.03,0.015
Q9NZ63,S17,1.03,0.015
Q9NZ63,S261,2.35,0.0021
P27708,S1406,NA,NA
P27708,S1859,-1.02,0.075
Q13555,T287,-0.24,0.83
Q5T5Y3,S446,-0.41,0.21
Q5T5Y3,S563,-1.27,0.016
Q5T5Y3,S872,NA,NA
Q08AD1,S1019,0.18,0.65
Q08AD1,S464,0.07,0.7
Q08AD1,S844,1.14,3e-04
Q9P1Y5,S814,0.44,0.19
Q9Y2V2,S41,0.95,0.01
P49589,S19,0.04,0.88
P49589,S34,0.61,0.041
Q03135,S37,1.09,0.0013
Q8N350,S299,-0.1,0.73
Q8N350,S528,0.28,0.74
Q13191,S476,-0.37,0.16
Q13191,S480,-0.37,0.16
Q13191,S484,-0.37,0.16
Q13191,S521,NA,NA
Q13191,S525,NA,NA
Q13191,S529,NA,NA
Q13191,S533,NA,NA
Q13185,S176,Inf,0
Q13185,S95,0.55,0.011
Q9HC52,S110,-Inf,0
Q9HC52,S191,0.66,0.046
Q9HC52,S311,-1.83,0.026
Q9Y3M2,S20,-0.17,0.54
Q5T0F9,S530,NA,NA
Q8N163,S922,1.28,3.5e-06
Q8WUD4,S165,2.23,3e-05
Q6ZUS6,S311,1.19,0.22
Q6ZUS6,S313,1.19,0.22
Q16204,S240,0.33,0.18
Q16204,S244,0.94,0.02
Q16204,S323,1.27,1.9e-05
Q16204,S419,0.03,0.96
Q16204,S52,0.39,0.11
Q9Y6R9,S334,-0.39,0.32
Q9Y6R9,S336,-0.39,0.32
Q9Y6R9,S373,-0.11,0.77
Q9Y6R9,S376,-1.58,0.00051
Q9H0W5,S261,-1.95,0.091
Q9H0W5,S273,-0.17,0.82
Q9H6F5,S18,-2.12,0.46
Q9H6F5,S188,-1.74,0.018
Q9H6F5,S91,-Inf,0
Q9H6F5,T3,-Inf,0
Q3V6T2,S1702,0.01,0.98
Q3V6T2,S1820,0.5,0.13
Q9Y3X0,S137,-1.12,0.056
Q9Y3X0,S386,0.89,0.036
P51946,S322,Inf,0
P51946,T315,1.56,3e-04
O75909,S329,1.03,0.19
Q9UK58,S352,0.9,0.017
Q9UK58,S502,0.33,0.39
Q9UK58,S504,0.33,0.39
Q8ND76,S326,0.42,0.066
Q8ND76,S83,0.18,0.75
Q8N7R7,S105,-0.56,0.43
Q8N7R7,S122,NA,NA
Q8N7R7,S344,0.53,0.0029
Q8N7R7,S95,0.76,0.0085
Q8N7R7,T125,NA,NA
P78371,S254,-0.09,0.8
P50991,S381,-0.12,0.65
P50991,S9,Inf,0
P86791,S266,1.2,0.00086
P86791,S76,-1.07,0.00057
P86790,S266,1.2,0.00086
P86790,S76,-1.07,0.00057
Q9Y5K6,S224,-2.18,0.039
Q9Y5K6,S256,Inf,0
Q9Y5K6,S458,0.8,0.15
O95400,S195,1.94,6e-05
O95400,S49,Inf,0
O15446,S128,NA,NA
O15446,S285,-1.19,5.1e-05
P48960,S831,-0.66,0.0021
Q12834,S41,-Inf,0
Q12834,T70,-3.15,0.00011
Q9UJX2,S588,-1.07,0.00055
Q9UJX2,T596,-2.29,2e-07
Q8NHZ8,S42,2.11,0.0014
Q16543,S377,-0.42,0.074
Q9Y5S2,S1690,Inf,0
Q9UKI2,S89,NA,NA
Q9NRR8,S74,-1.35,0.0034
Q9NRR3,S27,-0.39,0.37
Q99741,S54,-Inf,0
Q69YH5,S98,NA,NA
Q9BWT1,T163,-2.6,8.9e-06
Q96GN5,S139,-0.13,0.6
P55285,S786,1.45,0.00027
P06493,T161,NA,NA
Q9UQ88,S701,Inf,0
P21127,S713,Inf,0
Q9NYV4,S274,-0.08,0.92
Q9NYV4,S276,-0.08,0.92
Q9NYV4,S301,-0.36,0.37
Q9NYV4,S303,-0.36,0.37
Q9NYV4,S343,-0.66,0.092
Q9NYV4,S345,-0.66,0.092
Q9NYV4,S359,-0.1,0.79
Q9NYV4,S383,0.88,0.24
Q9NYV4,S385,1.21,0.0046
Q9NYV4,S423,0.08,0.79
Q14004,S315,0.14,0.72
Q14004,S317,-0.59,0.059
Q14004,S325,-0.59,0.059
Q14004,S340,-0.79,0.059
Q14004,S342,-2.09,0.015
Q14004,S348,-2.09,0.015
Q14004,S349,-0.39,0.46
Q14004,S358,1.21,0.02
Q14004,S360,0.7,0.21
Q14004,S383,Inf,0
Q14004,S397,-0.73,0.036
Q14004,S400,-0.73,0.036
Q14004,S436,0.57,0.29
Q14004,S437,0.62,0.026
Q14004,S439,0.62,0.026
Q14004,T1056,NA,NA
Q14004,T1058,NA,NA
Q14004,T1246,0.43,0.35
Q14004,T494,NA,NA
O94921,S112,-0.41,0.44
O94921,S24,-1.38,0.0053
O94921,S78,NA,NA
O94921,S95,NA,NA
Q00537,S122,-0.22,0.49
Q00537,S137,-0.49,0.9
Q00537,S146,-0.19,0.63
Q00537,S180,-0.16,0.27
Q00537,S520,-0.79,0.0063
Q07002,S89,0.85,0.0064
Q07002,S98,0.63,0.13
Q07002,T154,-1.53,1.7e-05
Q07002,T157,-1.48,3.1e-05
Q07002,Y155,-1.53,1.7e-05
P24941,T14,-1.24,0.00036
P24941,T160,NA,NA
P24941,Y15,-1.21,0.00012
Q96SN8,S1238,-0.03,0.94
Q96SN8,S1887,-1.01,0.038
P50613,S164,0.66,0.025
P50613,T170,0.29,0.6
O76039,S479,-0.29,0.17
O76039,S641,NA,NA
P38936,S130,-Inf,0
Q01850,S311,NA,NA
Q9Y232,S201,-0.65,0.058
Q9Y232,S88,2.58,3.1e-06
Q9Y232,Y86,NA,NA
Q03701,S629,Inf,0
P49450,S17,-0.02,0.96
P49450,S19,-0.02,0.96
P49454,S3054,-2.82,0.0017
Q8N8E3,S242,0.21,0.5
Q66GS9,S439,0.07,0.83
O94986,S1461,-0.17,0.36
Q5SW79,S1019,NA,NA
Q5SW79,S1079,-Inf,0
Q5SW79,S1160,NA,NA
Q5SW79,S1165,NA,NA
Q5SW79,S1198,-3.26,0.00029
Q5SW79,S1205,-0.49,0.51
Q5SW79,S1239,NA,NA
Q5SW79,S1241,NA,NA
Q5SW79,S359,0.93,0.00061
Q5SW79,S379,0.59,0.44
Q5SW79,S630,-1.8,3.1e-05
Q5SW79,S838,-0.64,0.18
Q5SW79,S958,-Inf,0
Q5SW79,S971,-0.68,0.086
Q5SW79,T1023,NA,NA
Q5SW79,T1240,NA,NA
Q9Y4F5,S772,-1.11,0.008
Q9BV73,S2128,NA,NA
Q9BV73,S2132,NA,NA
Q9UEE9,S250,1.77,0.027
Q0VF96,S283,0.95,0.00072
Q13111,S203,-0.8,0.004
Q13111,S206,0.93,0.00032
Q13111,S310,NA,NA
Q13111,S772,-0.34,0.31
Q13111,S775,-0.34,0.31
Q13111,S951,0.21,0.44
Q13111,T316,NA,NA
Q13112,S410,-0.72,0.1
Q13112,S429,-2.95,7.7e-05
Q13112,T433,-2.95,7.7e-05
Q96JM3,S284,1.35,0.19
Q96JM3,S286,1.35,0.19
Q96JM3,S297,NA,NA
Q96JM3,S405,-0.85,0.0032
Q96JM3,S459,1,0.053
Q96JM3,S476,0.48,0.056
Q96JM3,S542,0.16,0.72
Q9NX63,S50,-0.39,0.33
O14646,S1100,Inf,0
O14646,S1102,Inf,0
O14646,S1677,-1.02,0.027
O14646,S1687,-0.57,0.12
O14646,S215,1.12,0.0015
O14646,S216,1.12,0.0015
Q12873,S1601,1.56,9.6e-05
Q12873,S1605,1.19,0.00087
Q12873,S713,0.94,0.034
Q14839,S1535,0.58,0.34
Q3L8U1,S550,NA,NA
Q3L8U1,S654,NA,NA
Q8IWX8,S813,-0.19,0.91
Q8IWX8,S815,-0.19,0.91
Q8IWX8,S817,-0.19,0.91
Q8IWX8,T819,-0.19,0.91
Q9UHD1,T199,-0.06,0.73
Q9UHD1,T47,-0.62,0.18
Q9Y3Y2,T33,0.1,0.88
Q6FI81,S183,-0.83,0.31
Q96RK0,S496,0.02,0.92
P0C7P0,S83,NA,NA
O14578,S1993,-1.82,0.0017
O14578,S440,-0.71,0.00055
Q7Z460,S1091,-0.83,0.087
Q7Z460,S1196,0.05,0.91
Q7Z460,S600,-0.95,0.034
Q7Z460,S646,NA,NA
Q7Z460,S723,0.26,0.34
O75122,S370,-1.23,0.059
O75122,S463,NA,NA
O75122,S503,-1.77,0.0012
O75122,S507,-1.77,0.0012
O75122,T471,NA,NA
Q8N2M8,S285,0.33,0.23
Q96S66,S438,-0.41,0.18
P56749,S231,NA,NA
P57739,S208,NA,NA
Q14677,S299,-0.02,0.96
P30622,S195,NA,NA
P30622,S200,-0.82,0.027
P30622,S204,-0.82,0.027
P30622,T287,-1.53,0.028
Q9UDT6,S294,-0.71,0.0096
Q9UDT6,S352,-Inf,0
Q9UDT6,S923,1.08,0.0017
Q9UDT6,S973,0.45,0.092
Q8N3C7,S581,0.18,0.74
P49761,S157,-0.18,0.49
Q9HAW4,S810,NA,NA
P09496,S206,NA,NA
P09496,S236,0.56,0.057
Q00610,T394,0.58,0.016
Q6P9H4,S466,1.77,0.11
Q8NE01,S700,-0.29,0.78
Q9NZN8,S165,-1.34,0.00019
Q13057,S178,2,0.1
Q53SF7,S1070,-0.22,0.68
Q53SF7,S256,-1.16,0.045
Q53SF7,S326,2.28,5.7e-05
Q53SF7,S998,0.22,0.28
Q53SF7,T260,-1.16,0.045
Q53SF7,T275,-0.24,0.37
P38432,T122,1.74,0.034
P39059,P794,NA,NA
P53621,S173,0.91,0.013
O75976,T1368,-2.55,0.00036
O75976,T1370,-2.55,0.00036
Q9P2I0,S419,1.87,0.019
Q9P2I0,S420,1.87,0.019
Q9P2I0,S423,1.87,0.019
Q9UKF6,S659,Inf,0
Q9UKF6,T681,-0.33,0.14
Q8N684,T203,0.46,0.2
P16220,S340,Inf,0
P52943,S115,0.38,0.23
P46108,S194,0.01,0.99
Q5TZA2,S512,NA,NA
Q6UUV9,S151,-0.1,0.9
Q6UUV7,S62,-2.11,0.0045
Q9Y4K1,S329,1.08,0.063
Q9Y4K1,S75,-2.21,8.4e-05
Q9Y534,S47,0.07,0.94
Q9Y534,S58,-0.35,0.28
O75534,S276,0.86,0.00017
P21291,S192,-3.22,0.016
P49711,S402,NA,NA
P49711,T518,NA,NA
Q9Y5B0,A422,1.34,0.00022
P35221,S641,4.21,6.5e-06
Q9UBT7,S538,-0.42,0.32
P35222,S191,0.45,0.13
P35222,S675,0.17,0.75
P35222,T551,NA,NA
O60716,S230,-1.5,0.097
O60716,S268,-1.25,0.17
O60716,S269,0.27,0.68
O60716,S320,-0.21,0.37
O60716,S349,0.36,0.67
O60716,S352,0.46,0.44
O60716,T235,-1.22,0.31
O60716,T869,0.65,0.66
O60716,Y865,0.26,0.7
P17812,S562,0.66,0.0031
P17812,S573,NA,NA
P17812,S574,-0.03,0.92
P17812,S575,0.3,0.0035
Q6PD62,T925,2.08,0.00055
P07711,S301,NA,NA
P07711,S329,NA,NA
Q14247,S405,0.15,0.69
Q14247,S418,Inf,0
Q14247,T401,-0.54,0.28
Q13620,S53,NA,NA
Q13620,T49,-0.56,0.19
Q96C57,S179,-0.07,0.89
Q9HCG8,S61,0.22,0.23
Q9HCG8,S64,NA,NA
Q9HCG8,S829,0.55,0.22
Q9NXE8,S218,NA,NA
Q9NXE8,S295,1.39,0.12
P78310,S306,-2.06,0.0014
P78310,T334,NA,NA
O43169,S37,0.62,0.028
Q53TN4,S260,1.72,3.9e-05
Q53TN4,T285,0,1
Q7L576,S1052,Inf,0
Q99418,T58,0.38,0.17
Q86T65,S656,NA,NA
P14868,T52,0.69,0.02
Q16643,S142,-0.81,0.2
Q16643,S337,NA,NA
Q16643,T331,-Inf,0
Q16643,T346,1.66,0.019
Q9UJU6,S232,-1.04,2.9e-05
Q9UJU6,S269,-0.72,0.17
Q9UJU6,S275,-0.79,0.093
Q9UJU6,S283,-0.22,0.84
Q9Y4B6,S1000,2.92,0.034
Q9Y4B6,S895,-2.6,2.3e-05
Q5T6F0,S15,-0.59,0.28
Q66K64,S310,-0.42,0.06
Q66K64,S50,-1.65,1.6e-05
Q58WW2,S847,0.81,0.068
Q58WW2,S850,0.81,0.068
Q8N8Z6,S556,NA,NA
Q96PD2,S598,0.39,0.17
Q9UHG0,S300,0.29,0.14
O15075,S298,0.72,0.65
O15075,S307,0.19,0.84
O15075,S32,-0.66,0.69
O15075,S330,-1.78,0.047
O15075,S332,-1.78,0.047
O15075,S334,0.27,0.85
O15075,S337,1.7,0.00028
O15075,S36,-0.66,0.69
Q9NPI6,S142,0.39,0.072
Q9NPI6,S525,0.31,0.34
Q9NPI6,S62,0.37,0.082
Q8IZD4,S275,-0.31,0.56
Q8IZD4,S283,-0.31,0.56
Q8IZD4,S67,0.33,0.13
Q9BW61,S95,-0.9,0.021
Q92466,S24,NA,NA
Q92466,S26,-0.08,0.92
Q92841,S599,Inf,0
Q9NVP1,S136,Inf,0
Q9BUQ8,S109,0.85,0.018
Q9GZR7,S82,2.12,3.3e-05
Q9GZR7,S94,NA,NA
O00148,S183,NA,NA
O00148,T171,-0.79,0.0091
Q13838,T172,-0.36,0.14
Q9UJV9,S21,0.52,0.072
Q9UJV9,S23,0.52,0.072
Q9UJV9,S4,-0.27,0.26
Q86XP3,S185,Inf,0
Q86XP3,S751,0.58,0.34
P17844,S480,0.07,0.92
P17844,S483,0.27,0.79
Q8TDD1,S782,1.48,4.1e-05
Q8TDD1,T814,-Inf,0
Q8NHQ9,S544,2.7,0.00023
Q8NHQ9,S594,0.82,0.13
P78524,S515,NA,NA
P78524,S622,-0.32,0.38
P78524,S673,0.32,0.31
Q7Z401,S1511,NA,NA
Q7Z401,S1589,0.44,0.44
Q5VZ89,S1090,-Inf,0
Q5VZ89,S1278,NA,NA
Q5VZ89,S1296,NA,NA
Q5VZ89,S1297,NA,NA
Q5VZ89,S1325,-0.41,0.2
Q5VZ89,S741,-0.05,0.95
Q5VZ89,S968,0.63,0.074
Q5VZ89,S973,0.63,0.074
Q6IQ26,S1085,NA,NA
Q6IQ26,T1079,NA,NA
Q8WUY9,S160,-1.04,0.0032
O75140,S1530,-0.02,0.96
O75140,S503,0.43,0.38
O75140,S579,0.65,0.011
Q6ICB0,S25,NA,NA
O00273,S28,2.13,1.6e-07
O00273,S315,-0.51,0.47
Q8WYQ5,S271,0.38,0.045
Q8WYQ5,S275,0.38,0.045
Q8WYQ5,S95,NA,NA
P52824,S17,-Inf,0
P52824,S22,-Inf,0
P52824,S26,-Inf,0
O60231,S103,-0.39,0.075
O60231,S106,-0.39,0.075
O60231,S107,NA,NA
Q14562,S460,0.65,0.0052
Q9BTC0,S1456,1.35,0.011
Q9BTC0,S805,-0.11,0.87
Q9BTC0,S809,-0.11,0.87
O60832,S21,-Inf,0
O60832,S451,1.31,0.038
O60832,S453,1.31,0.038
O60832,S455,1.31,0.038
O60832,S485,Inf,0
O60832,S494,1.87,4.9e-06
O60832,S513,0.46,0.029
O60832,T458,2.21,0.11
O60832,T497,NA,NA
Q8TDM6,S1209,0.92,0.07
Q8TDM6,S1232,NA,NA
Q8TDM6,S1254,0.69,0.25
Q8TDM6,S1263,-0.8,0.02
Q8TDM6,S1666,0.62,0.0075
Q8TDM6,S264,0.89,0.00072
Q8TDM6,T1011,0.81,0.00081
Q08495,S289,0.58,0.038
Q08495,T274,0.02,0.88
Q09019,S495,1.21,0.023
Q09019,S545,0.94,8.3e-05
Q96KC8,S479,-0.27,0.16
Q96KC8,S480,-0.27,0.16
Q9NVM6,S112,0.59,0.032
Q96DA6,S70,-0.54,0.043
Q9H3Z4,S10,0.85,0.053
O00429,S616,-0.69,0.011
P26358,S127,NA,NA
P26358,S143,1.06,0.0016
P26358,S154,-1.39,0.18
P26358,S714,2.2,3e-04
Q9H147,S161,0.92,0.051
Q5QJE6,S117,-Inf,0
Q5QJE6,S141,-0.03,0.97
Q5QJE6,S148,-0.03,0.97
Q5QJE6,S88,-0.51,0.36
Q5QJE6,T61,0.21,0.67
Q9H7D0,S1766,0.24,0.63
Q96N67,S1383,0.8,0.0043
Q96N67,S1430,-1.43,0.079
Q96N67,S1432,-1.11,0.094
Q96N67,S1438,-0.41,0.098
Q96N67,S180,0.84,0.016
Q96N67,S182,Inf,0
Q96N67,S2129,-1.69,0.026
Q96N67,S30,-1.52,0.085
Q96N67,S440,0.19,0.46
Q96N67,S446,-0.46,0.19
Q96N67,S888,-0.17,0.4
Q96N67,S900,NA,NA
Q96N67,S910,NA,NA
Q96N67,T2124,NA,NA
Q9BZ29,S927,Inf,0
Q9NYP3,S34,-2.4,3.7e-06
Q8TEK3,S786,0.03,0.97
Q92785,S142,3.73,2e-06
Q92785,T176,NA,NA
Q86TI2,T6,Inf,0
Q16555,S518,NA,NA
Q16555,S522,1.41,0.0014
Q16555,T514,-1.03,0.0056
Q14195,S402,NA,NA
Q14195,S472,0.58,0.088
Q14195,S518,0.99,0.076
Q14195,S522,1.56,0.00013
Q14195,T509,0.37,0.31
Q14195,T514,0.99,0.076
Q9BPU6,S549,-0.52,0.22
Q9NRR4,S300,0.06,0.89
Q9NRR4,S302,0.06,0.89
Q9H410,S331,-0.88,0.019
Q03001,S1382,0.34,0.45
Q03001,S3968,0.82,0.00087
Q03001,S7510,1.25,0.00086
Q03001,S7513,0.78,0.046
Q9NZJ0,S485,NA,NA
Q9NZJ0,S488,NA,NA
Q9NZJ0,S490,NA,NA
Q9NZJ0,S526,-2.56,2e-05
Q9NZJ0,S676,NA,NA
Q9NZJ0,S679,NA,NA
O60941,S394,NA,NA
Q86UW9,S217,-0.34,0.42
Q92997,S125,1.66,0.13
Q13409,S87,-1.3,0.1
Q9Y6G9,S207,-0.05,0.89
Q9Y6G9,S405,0.13,0.75
Q9Y6G9,S421,-Inf,0
Q9Y6G9,S510,-0.59,0.42
Q9Y6G9,S516,0.05,0.98
O43237,S194,0.46,0.045
O43237,S383,-0.11,0.74
Q13627,Y321,0.51,0.015
Q96CJ1,S22,NA,NA
Q56P03,S109,0.92,0.036
Q56P03,S111,0.92,0.036
O00559,S36,0.36,0.29
Q9H8V3,S842,-Inf,0
Q9H8V3,T359,-1.69,8.6e-07
Q96F86,S131,-0.72,0.057
Q96F86,S161,0.97,0.031
Q6P2E9,S565,0.61,0.0017
Q6P2E9,S729,1.28,0.29
P29692,G72,-0.31,0.43
P29692,S119,0.41,0.31
P29692,S133,-0.08,0.76
P26641,T46,0.22,0.3
P13639,S279,NA,NA
P13639,T57,1.91,0.0072
O00418,S359,0.84,0.028
O00418,T348,0.63,0.37
Q7L9B9,S173,0.82,0.043
Q7L9B9,S25,Inf,0
Q96C19,S74,-0.96,0.039
P98172,S281,NA,NA
Q14156,S694,2.61,0.00037
P00533,S991,Inf,0
Q9H223,S129,-1.14,0.00043
Q96KQ7,S140,-Inf,0
Q96KQ7,S232,-1.05,0.00053
Q96KQ7,S350,-2.62,9.7e-06
O14681,S56,0.52,0.19
Q9BY44,S506,0.83,0.021
Q9P2K8,T667,1.23,0.00011
Q14152,S882,NA,NA
P55884,R134,0.27,0.37
P55884,S119,0.66,0.071
Q99613,S39,0.74,0.013
B5ME19,S39,0.74,0.013
O00303,S258,-0.39,0.13
P23588,S192,NA,NA
P23588,S406,-1.63,0.015
P23588,S409,-1.63,0.015
P23588,S422,-1.06,7.3e-06
P23588,S425,-1.3,0.0024
P23588,S497,Inf,0
P23588,S498,1.4,3e-04
P23588,S504,0.86,0.017
P23588,T420,NA,NA
P23588,T427,NA,NA
P06730,S209,-0.32,0.21
Q9NRA8,S499,0.85,0.012
Q9NRA8,S951,-1.91,0.0053
Q04637,S1145,-1.15,0.0067
Q04637,S1147,-1.15,0.0067
Q04637,S1185,0.02,0.97
Q04637,S1187,0.42,0.00093
Q04637,S1209,0.38,0.21
Q04637,S1231,-0.31,0.2
Q04637,S1596,1.68,0.00052
Q04637,S704,NA,NA
P78344,S283,0.66,0.074
O43432,S1156,-0.88,0.14
O43432,S495,-0.19,0.7
P55010,S10,2.1,3.2e-08
O60841,S113,2.9,0.00018
O60841,S137,3.67,5.4e-06
O60841,S164,0.67,0.093
O60841,S182,-0.68,0.37
O60841,S183,1.36,0.018
O60841,S186,-0.68,0.37
O60841,S190,1.68,0.0012
O60841,S214,1.28,2.3e-05
Q9BQ52,N253,0.77,0.00098
Q9BQ52,S213,1.53,0.0015
Q9BQ52,S215,1.43,0.019
Q15717,S202,-Inf,0
P32519,S187,0.96,0.031
Q99607,S188,0.94,0.0097
Q5R3F8,S619,-0.61,0.13
Q5R3F8,Y755,0.04,0.92
Q14241,S151,-0.17,0.4
P50402,S49,-0.62,0.001
O00423,S135,-0.28,0.62
O00423,S140,-0.28,0.62
Q9HC35,S146,-2.33,0.0043
Q7Z589,S209,NA,NA
Q7Z589,T207,NA,NA
P06733,S419,0.56,0.0052
O43768,S67,-0.21,0.79
Q96L91,S1732,-Inf,0
Q96L91,S736,-Inf,0
Q9H4G0,S510,0.14,0.89
Q9H4G0,S648,2.16,0.0098
Q9H4G0,S650,2.16,0.0098
Q9H4G0,S784,-0.76,0.3
O43491,S386,-Inf,0
O43491,S598,-Inf,0
O43491,S87,-0.02,0.98
Q9Y2J2,S409,0.19,0.53
Q9Y2J2,S420,-0.81,0.011
Q9Y2J2,S5,0.43,0.097
Q9Y2J2,S7,0.43,0.097
Q9HCM4,S348,-0.27,0.62
P29317,S901,-0.53,0.15
Q9Y6I3,S435,0.34,0.68
O95208,S192,-0.05,0.92
O95208,S195,-0.05,0.92
Q9UBC2,S229,-0.72,0.00032
Q9UBC2,S255,-1.34,0.17
Q12929,S476,NA,NA
Q12929,S659,-0.25,0.36
Q12929,S662,0.22,0.52
Q12929,S685,-0.19,0.57
Q12929,T317,1.32,0.093
Q12929,T655,NA,NA
Q96RT1,S1079,0.3,0.45
Q8IUD2,S17,1.14,0.4
Q8IUD2,S191,-0.54,0.019
Q8IUD2,S21,-Inf,0
Q8IUD2,S37,0.08,0.78
P28715,S341,2.94,1.9e-05
P28715,S384,0.77,0.03
P50548,S327,-3.02,0.2
Q9UJM3,S251,-1.91,6.5e-05
Q56NI9,S512,-0.16,0.64
Q9H501,S153,-0.24,0.63
Q9H501,S657,0.93,0.26
Q9H501,S663,0.93,0.26
Q9H501,S77,NA,NA
Q9H501,S79,NA,NA
Q9H501,S82,NA,NA
Q96DF8,S395,-0.87,0.31
Q9BSJ8,S686,0.49,0.077
A0FGR8,S758,NA,NA
A0FGR8,S761,NA,NA
P41162,S139,-1.38,0.0071
P41212,S213,0.55,0.024
Q9H8M9,S114,NA,NA
Q96KP1,S432,0.1,0.86
Q9UPT5,S250,0.04,0.92
Q8IYI6,S19,0.1,0.5
Q13868,S124,0.81,0.19
Q9NQT4,S20,0.44,0.16
Q15910,T416,-0.74,0.0096
Q15910,T487,1.37,4.2e-05
P15311,S144,NA,NA
Q9BQ89,S189,-1.11,0.0095
Q9C073,S145,0.76,0.0075
Q6P1L5,S273,0.33,0.17
Q96E09,S143,-0.17,0.79
Q96E09,S147,-0.17,0.79
Q96E09,S189,-1.57,0.021
Q96E09,S37,-2.02,0.0027
Q96E09,S62,0.19,0.75
Q96E09,S76,-0.48,0.57
Q7Z309,S25,2.09,0.22
Q7Z309,S50,-0.1,0.63
Q8N612,S467,-0.45,0.24
Q8N612,S582,Inf,0
Q6NSI3,S260,-Inf,0
Q14153,S167,-0.06,0.77
Q9NYF3,S122,-0.57,0.066
Q9NYF3,S232,0.58,0.014
Q9NYF3,S234,-1.22,0.001
Q9NYF3,S254,-1.27,0.25
Q9NYF3,S255,-1.27,0.25
Q9NYF3,S271,NA,NA
Q9NYF3,S273,-0.24,0.4
Q5HYJ3,S193,-1.3,0.028
Q9H4H8,S366,NA,NA
Q9H4H8,S369,NA,NA
Q9H4H8,T367,NA,NA
A6ND36,S356,NA,NA
A6ND36,S650,1,8.8e-05
Q6ZRV2,S523,-1.19,0.049
Q6ZRV2,S881,0.22,0.53
Q6ZRV2,S892,-0.61,0.093
Q6ZRV2,S903,0.16,0.45
Q6ZRV2,S914,0.97,0.065
Q9Y4F1,T24,0.17,0.53
P49327,S207,0.4,0.15
P49327,S2236,Inf,0
P22087,S124,NA,NA
Q96IG2,S421,NA,NA
Q96IG2,T417,1.32,0.0076
Q9UK96,S326,NA,NA
Q9NVF7,S344,-0.27,0.27
Q6P3S6,S488,-0.67,0.13
Q6PJ61,S293,-1.05,0.0053
Q0JRZ9,S403,0.13,0.72
P10109,S63,0.27,0.23
Q6ZV73,S605,0.17,0.53
O95684,S160,0.78,0.041
P07954,T90,0.38,0.22
Q9Y613,S367,-0.05,0.94
Q4L180,S1035,-1.29,0.0015
Q6UN15,S304,-0.52,0.39
Q6UN15,S492,1.18,0.011
Q6UN15,S500,Inf,0
Q5T1M5,S979,0.83,0.13
Q13451,S445,Inf,0
Q8NFG4,S62,0.79,0.00017
Q13045,S856,0.43,0.017
P21333,S1084,-2.21,3.5e-06
P21333,S1459,-0.08,0.7
P21333,S1630,0.14,0.38
P21333,S2128,0.03,0.97
P21333,S2510,-0.28,0.26
P21333,T2599,-0.18,0.69
O75369,S1505,0.21,0.28
O75369,S2013,1.18,0.00037
O75369,S2325,NA,NA
O75369,S2478,NA,NA
Q14315,S1527,0.55,0.0043
Q14315,S1728,-0.6,0.041
Q14315,S2122,0.45,0.097
Q14315,S2137,-Inf,0
Q14315,S2233,-1.06,0.00018
Q14315,S2586,-Inf,0
Q14315,S2598,-2.13,0.00086
Q14315,S2602,NA,NA
Q14315,T2446,1.22,0.0046
Q14315,T2677,1.71,0.011
Q9NZU0,S639,-0.59,0.3
Q8IVF7,S1014,-2.33,0.0062
Q8IVF7,S174,NA,NA
Q96RU3,S296,1.03,0.015
Q96RU3,S299,-0.2,0.59
Q5T0N5,S295,1.76,1.9e-05
Q8N3X1,S432,NA,NA
Q53EP0,S208,-1.59,0.014
Q53EP0,S254,NA,NA
P15408,S200,-0.56,0.0018
P15408,S230,-1.52,0.016
P85037,S213,1.69,3.6e-06
P85037,S223,-0.36,0.62
P85037,S416,0.38,0.41
P85037,S420,-0.69,0.21
P85037,S428,-0.12,0.79
P85037,S441,0.23,0.45
P85037,S445,-0.96,0.28
P85037,T247,-Inf,0
P85037,T422,-0.12,0.79
P85037,T436,0.23,0.45
Q70Z53,S12,1.06,0.012
Q70Z53,S9,1.06,0.012
Q9P2Q2,S604,0.11,0.88
Q9P2Q2,S694,-1.47,0.27
Q9P2Q2,S711,-Inf,0
Q9P2Q2,S800,-1.16,0.063
Q9Y2L6,S694,NA,NA
Q96NE9,S542,0.3,0.35
Q96NE9,S544,Inf,0
Q9BZ67,S21,-0.39,0.23
Q9BZ67,S24,-0.39,0.23
Q9BZ67,S439,-0.69,0.39
O94915,S1941,-0.24,0.4
O94915,S1957,NA,NA
O94915,S1978,0.51,0.14
O94915,T1959,-0.1,0.48
Q96AE4,S140,Inf,0
Q96AE4,S630,-0.07,0.79
Q96AE4,T153,1.01,3e-04
P51116,S601,-0.09,0.76
P51116,S603,-0.09,0.76
P51116,S620,NA,NA
Q13283,S232,-0.6,0.063
Q9UN86,T227,1.58,0.083
Q13480,S266,-0.04,0.94
P04406,S192,Inf,0
P04406,S210,0.47,0.1
P04406,T184,NA,NA
Q14C86,S466,NA,NA
Q14C86,S902,NA,NA
P41250,S335,NA,NA
P41250,S653,Inf,0
Q99501,S316,NA,NA
Q99501,S479,0.29,0.27
Q8WXI9,S122,-0.11,0.79
Q8WXI9,T120,-0.11,0.79
Q92538,S1318,NA,NA
Q92538,S1475,3.44,6.8e-06
P16383,S40,0.85,0.0034
P50395,S61,0.57,0.096
P55040,S23,-2.2,0.013
P55040,S289,-2.51,0.0041
P14136,S38,0.04,0.97
Q06210,S261,1.14,0.00082
Q06210,Y275,Inf,0
O75420,S230,-0.52,0.1
O75420,S756,-1.66,0.47
Q6Y7W6,S160,0.5,0.086
Q6Y7W6,S201,Inf,0
Q6Y7W6,S236,-0.51,0.023
Q9Y2X7,S362,1.63,8.6e-06
Q9Y2X7,S385,0.35,0.4
Q9Y2X7,S388,0.35,0.4
Q9Y2X7,S410,1.1,3.6e-06
Q9Y2X7,S413,NA,NA
Q9Y2X7,S592,-0.78,0.016
Q9Y2X7,S596,-0.78,0.016
Q14161,S559,NA,NA
Q14161,S586,Inf,0
Q14161,S614,0.05,0.79
Q5VSY0,S23,NA,NA
Q5VSY0,S25,NA,NA
Q5VSY0,S27,NA,NA
Q5VSY0,S29,NA,NA
Q86VQ1,S223,0.07,0.68
Q9P2T1,S28,-0.2,0.39
P49915,S332,0.9,0.00035
Q5JWF2,T993,NA,NA
Q13823,S476,0.02,0.98
Q13823,S478,NA,NA
Q9NVN8,S465,Inf,0
Q13439,S89,-0.15,0.38
Q14789,S3010,2.13,0.049
Q9NWQ4,S114,-Inf,0
Q9NWQ4,S116,-Inf,0
Q9UKJ3,S1014,0.74,0.025
Q9UKJ3,S1033,NA,NA
Q9UKJ3,S1035,NA,NA
Q9UKJ3,S653,-0.25,0.66
Q9UKJ3,S740,1.72,0.013
Q9UKJ3,S911,0.64,0.085
Q9UKJ3,S914,0.76,0.061
Q9UKJ3,S981,-0.73,0.19
O75487,S357,NA,NA
P06744,N86,0.32,0.1
P06744,S22,0.19,0.27
Q92917,P82,-0.95,0.13
Q96D09,S512,-0.77,0.00062
Q7Z2K8,S704,NA,NA
Q7Z2K8,S970,-0.59,0.36
Q7Z2K8,T877,-0.78,0.019
Q13098,S468,0.02,0.98
Q13098,S474,0.38,0.43
Q13098,T479,-0.52,0.12
Q86YR5,S469,NA,NA
Q13322,S476,NA,NA
O60565,S77,-0.03,0.94
Q9Y3R0,S847,1.14,0.0062
Q9Y3R0,S953,-0.52,0.065
Q12849,S244,NA,NA
P49840,S21,-0.53,0.24
P49840,Y279,0.04,0.86
P49841,S9,-2.14,0.0016
P13984,S248,0.55,0.3
P78347,T558,-0.38,0.56
Q12789,S1068,1.09,0.05
Q8WUA4,S893,-0.52,0.079
Q8WUA4,T895,-0.52,0.079
Q9UKN8,S611,Inf,0
O00178,S12,NA,NA
O00178,S25,-0.07,0.89
O00178,S580,0.2,0.24
Q9BZE4,S558,-1.05,0.05
Q9BZE4,S578,-1.13,0.00022
P16403,S36,-Inf,0
P16402,S37,-0.92,0.00066
P16402,T180,-Inf,0
P10412,T18,-1.53,0.056
P10412,T4,-1.53,0.056
P16401,S18,-0.26,0.44
P16401,T9,NA,NA
Q92522,S31,-0.09,0.89
P16104,S140,-1.19,0.0072
P16104,T137,-1.19,0.0072
P06899,S7,1.55,0.039
P62805,S48,1.06,0.012
Q5JVS0,S108,-2.54,0.0011
Q8IYU2,S385,1.22,0.079
P49590,S67,0.48,0.0087
O14929,S361,-0.49,0.22
Q7Z4H7,S914,-Inf,0
Q7Z4H7,T584,0.39,0.24
Q96D42,S331,0.08,0.67
P51610,S1507,-2.05,0.015
P51610,S3,1.31,0.0033
P51610,S6,1.31,0.0033
P51610,S666,-0.19,0.74
Q13547,S393,3.55,0.00034
Q13547,S421,-0.02,0.96
Q13547,S423,-0.02,0.96
Q92769,S394,3.85,1.1e-06
Q92769,S422,0.12,0.58
Q92769,S424,0.12,0.58
P56524,S265,-1.79,0.00011
P56524,S266,-1.79,0.00011
P56524,S632,-1.09,0.001
Q9UQL6,S1108,NA,NA
Q8WUI4,S155,-0.06,0.8
Q8WUI4,S181,0.51,0.52
Q8WUI4,S486,NA,NA
P51858,S165,-0.05,0.95
P51858,S239,1.8,0.022
Q7Z4V5,S395,0.24,0.9
Q7Z4V5,S396,0.24,0.9
Q7Z4V5,S397,0.24,0.9
Q7Z4V5,S399,0.24,0.9
Q7Z4V5,S454,-1.44,0.0039
Q7Z4V5,S490,-0.03,0.94
Q00341,S944,0.59,0.05
Q6AI08,S336,Inf,0
Q6AI08,S337,Inf,0
Q9ULT8,S1384,-Inf,0
Q9ULT8,S1571,1.75,9.3e-05
Q9ULT8,S1772,0.64,0.011
Q9ULT8,S251,NA,NA
Q9ULT8,S357,0.63,0.076
Q9NRZ9,S503,NA,NA
Q9NRZ9,S832,NA,NA
Q15751,T1429,-Inf,0
O95714,S2928,2.97,2e-04
Q9BSE4,T90,NA,NA
P54198,T586,-0.68,0.25
Q9BW71,S125,0.87,0.049
Q9BW71,S142,0.64,0.08
Q9BW71,S143,0.64,0.08
Q9BW71,S199,1.42,1e-05
Q9BW71,S530,1.68,0.00018
Q9BW71,S550,NA,NA
Q9BW71,S551,-0.28,0.82
Q9BW71,S555,-0.28,0.82
Q9BW71,S87,0.37,0.18
Q9BW71,T84,0.37,0.18
Q6FI13,S19,NA,NA
Q6FI13,S20,NA,NA
Q5QNW6,S113,NA,NA
Q5QNW6,S39,NA,NA
Q5QNW6,S7,1.5,0.05
Q5QNW6,S92,0.49,0.22
Q5QNW6,T89,NA,NA
Q71DI3,S58,-0.09,0.8
P15822,S1735,0.06,0.85
P31629,S2118,0.92,0.093
Q8NCD3,S412,-1.98,4.6e-06
Q8NCD3,S448,-1.6,0.0021
Q8NCD3,S473,-1.93,0.00017
Q8NCD3,S532,-Inf,0
Q8NCD3,S557,-Inf,0
Q14527,S382,-0.44,0.19
Q9NP66,S105,0.03,0.96
P17096,S102,2.05,0.0012
P17096,S103,3.19,5.6e-05
P17096,S44,-0.41,0.49
P17096,S99,0.21,0.59
P05114,S7,4.06,0.017
Q9UGU5,S102,0.18,0.57
Q9UGU5,S497,-0.08,0.82
P35680,S279,-0.55,0.053
P35680,S75,1.19,0.037
P35680,S80,1.19,0.037
P09651,S4,Inf,0
P09651,S6,1.34,0.00018
P22626,S189,0.09,0.76
P22626,S259,-0.84,0.038
P22626,S344,-1,0.12
P22626,S85,1.25,0.00014
P51991,S358,-1.64,0.075
P07910,S233,Inf,0
P31943,S104,1.68,1.1e-05
P55795,S104,1.3,0.0018
P61978,S216,-0.19,0.27
P61978,S284,-0.35,0.37
P61978,T39,2.08,5.5e-06
P52272,S446,-0.16,0.41
P52272,S452,0.93,0.0079
P52272,S513,0.46,0.12
P52272,S528,-0.22,0.45
P52272,S575,0.27,0.24
P52272,S588,-0.76,0.28
Q00839,S26,0.84,0.043
Q00839,S271,0.43,0.078
Q00839,T286,1.04,0.12
Q9BUJ2,S194,2.19,0.00026
Q9BUJ2,S512,0.12,0.76
Q1KMD3,S228,0.93,0.001
Q9NSC5,S159,2.71,0.0014
Q9UPZ3,S440,NA,NA
Q9UPZ3,S563,-0.44,0.069
Q53T59,S3,-Inf,0
Q00613,S363,3.56,1e-06
P08238,S255,1.94,0.00052
P38646,S378,1.36,0.0019
P04792,S15,2.36,2e-04
P04792,S78,4.54,2.4e-10
P04792,S82,4.54,2.4e-10
Q9NZL4,S351,1.93,2e-06
P10809,S70,0.23,0.23
Q92598,S384,0.1,0.6
Q92598,S809,0.8,0.021
O43719,S387,0.89,0.085
P42858,S419,-0.17,0.6
P42858,S429,-0.02,0.92
P42858,S432,-1.81,0.041
Q7Z6Z7,S1907,1.57,1.3e-05
Q7Z6Z7,S3555,1.27,0.0028
Q9Y2F5,S1854,NA,NA
Q9Y2F5,S558,NA,NA
Q9Y2F5,S925,0.24,0.26
Q02363,S14,-Inf,0
Q16666,S106,0.85,0.0072
Q96FT9,S52,NA,NA
Q96FT9,S78,NA,NA
Q9Y6M1,S162,0.7,0.15
Q9Y6M1,S164,1.46,0.00072
O00425,S180,0.24,0.46
O00425,S184,0.24,0.46
P11717,S2409,Inf,0
P11717,S2484,0.69,0.077
O14920,S672,0.69,0.0036
P40189,S825,NA,NA
Q12906,S382,NA,NA
Q13418,T181,-0.37,0.45
P12268,S416,0.92,0.0014
Q9NQS7,S197,Inf,0
Q9NQS7,S72,0.14,0.52
Q8WYH8,S118,Inf,0
Q9C086,S351,-0.17,0.51
Q9NRR6,S85,-Inf,0
Q9NVR2,S231,0.02,0.95
Q9NVR2,S381,-1.21,0.0052
Q9NVR2,S382,-1.21,0.0052
P46940,S1560,-0.34,0.14
Q6DN90,S512,0.94,0.0052
Q6DN90,S925,0.16,0.55
P48200,S157,NA,NA
Q8IU81,S384,0.81,0.02
Q8IU81,S436,-0.54,0.24
Q8IU81,S453,-0.54,0.24
Q8IU81,S66,1.16,0.095
Q7Z5L9,S455,-2.2,0.014
Q7Z5L9,S457,-2,0.0094
Q7Z5L9,S460,-2,0.0094
Q9H1B7,S547,-0.89,0.11
Q9H1B7,S657,NA,NA
Q9H1B7,S659,NA,NA
Q9H1B7,S662,NA,NA
Q9H1B7,S69,-0.66,0.085
Q9Y4H2,S1100,-0.6,0.44
Q9Y4H2,S1176,0.24,0.59
Q9Y4H2,S577,-0.27,0.34
Q9Y4H2,S594,0.44,0.082
Q9Y4H2,S620,NA,NA
Q9H1K1,S14,-0.14,0.53
Q9H1K1,S29,0.45,0.052
P26006,S1042,1.65,3.6e-06
P26006,T1048,1.02,0.17
P05556,T777,Inf,0
Q14573,S1832,1.21,7e-04
Q14573,S2670,0.92,0.034
P28290,S739,-1.15,0.0097
P28290,T291,NA,NA
Q15811,S1137,0.88,0.0055
Q15811,S559,Inf,0
Q15811,S986,0.01,0.99
Q9Y6Y0,S338,-0.06,0.74
Q96ST2,S313,Inf,0
Q96ST2,S315,Inf,0
Q96ST2,S377,Inf,0
Q96ST2,S398,1.19,0.00013
Q96ST2,S400,1.19,0.0032
Q96ST2,S415,0.2,0.82
Q96ST2,S420,-1.03,0.072
Q96ST2,S422,-1.03,0.072
Q96ST2,S720,0.6,0.46
Q9P266,S1044,0.05,0.91
Q9P266,S757,-0.83,0.0021
Q9P266,S885,-0.37,0.43
Q9P266,S901,-0.86,0.0027
Q9P266,S913,NA,NA
Q15652,S652,-Inf,0
Q9HDC5,S216,-Inf,0
Q9HDC5,S220,-Inf,0
Q9HDC5,S465,NA,NA
Q9HDC5,S475,-0.08,0.83
Q9HDC5,S479,-0.08,0.83
Q9HDC5,T461,NA,NA
Q9H910,S97,-3.1,0.00067
P17275,S259,-1.16,0.0012
P17275,T255,-1.16,0.0012
Q63ZY3,S323,1.26,0.043
Q63ZY3,S375,-0.5,0.42
Q63ZY3,S540,NA,NA
Q7Z3B3,S1045,-0.32,0.19
Q92993,S199,1.41,0.025
Q92993,S202,1.41,0.025
O95251,T88,NA,NA
O75449,S109,-1.6,8.4e-05
O94819,S107,1.51,0.0038
Q9Y597,S664,NA,NA
Q9Y597,S711,Inf,0
O60341,S849,0.73,0.015
Q9Y2K7,S28,Inf,0
Q9Y2K7,S558,-0.24,0.52
Q9Y2K7,S692,0.92,0.04
Q8NHM5,S795,Inf,0
Q7LBC6,S798,3.11,1.2e-05
P41229,S301,0.08,0.62
P41229,S317,0.58,0.2
Q07666,S18,NA,NA
Q07666,S20,0.43,0.29
Q07666,T33,-Inf,0
Q92945,S181,1.35,4.1e-05
Q92945,S480,0.78,0.14
Q92945,T100,NA,NA
Q6ICG6,S267,1.9,0.00011
Q6ICG6,S304,0.39,0.087
Q6ICG6,S324,0.68,0.0046
Q6ICG6,S351,-0.04,0.83
Q6ICG6,S353,0.07,0.83
Q6ICG6,S362,-0.01,0.97
Q96AT1,S50,4.03,5.3e-05
Q5T5P2,S169,-0.69,0.041
Q9P206,T162,1.23,0.041
Q9BY89,S1224,1.28,0.0075
Q9ULH0,T1682,NA,NA
P52732,T926,-0.08,0.87
Q9H1H9,S1698,NA,NA
Q9H1H9,T1696,NA,NA
Q9NQT8,S1381,-0.52,0.17
Q9NQT8,S1410,-0.48,0.55
Q9NQT8,S1797,-1.72,0.036
Q9NQT8,S645,-0.45,0.27
Q9NQT8,S661,-2.5,1.7e-07
Q9NQT8,T1799,NA,NA
Q9NS87,S568,0.27,0.18
Q86Y91,S633,-0.36,0.084
Q12756,S1337,0.54,0.16
Q12756,S1370,1.02,0.0036
Q12756,S1528,-0.87,0.042
Q12756,S1532,-0.87,0.042
Q12756,Y1516,NA,NA
O60333,S1454,0.14,0.71
O43896,S1033,0.09,0.73
O43896,S674,1.14,0.02
O43896,S676,1.14,0.02
Q02241,S160,NA,NA
Q02241,S18,0.5,0.024
Q02241,S867,2.85,0.4
Q02241,S902,NA,NA
Q99661,S519,NA,NA
O15066,S723,-1.9,1.9e-05
P33176,S933,-0.4,0.26
Q92845,S60,2.13,2.5e-06
Q9BVG8,S784,NA,NA
Q07866,S460,-0.49,0.077
Q07866,S557,0.41,0.54
Q9H0B6,S445,-1.44,2.2e-05
Q9H0B6,S545,-1.3,0.016
Q9H0B6,S582,-1.31,0.036
Q9H0B6,S610,-0.15,0.84
Q9NSK0,S554,0.57,0.076
Q9NSK0,S590,-1.28,0.092
Q03164,S3036,-0.25,0.23
Q03164,S3527,0.4,0.36
Q9UMN6,S1917,-0.07,0.93
Q9UMN6,T2083,-0.98,0.036
O14686,S1606,-1.42,0.012
O14686,S4738,-0.12,0.65
Q1ED39,S48,NA,NA
O60684,S6,-1.12,0.0094
Q8N9T8,G176,-0.35,0.75
Q8N9T8,S171,-0.35,0.75
O00522,S276,NA,NA
P05783,S49,1,0.021
Q8IVT5,S311,NA,NA
Q86UP2,S75,Inf,0
Q86UP2,T153,1.26,0.0048
P83111,S164,-0.45,0.23
O00515,S394,0.95,0.23
Q6IAA8,S56,NA,NA
Q6IAA8,S98,NA,NA
P28838,S24,NA,NA
Q6PKG0,S517,2.1,0.029
Q6PKG0,S521,-0.43,0.53
Q6PKG0,S546,1.62,0.049
Q6PKG0,S548,0.67,0.07
Q6PKG0,S766,0.25,0.68
Q6PKG0,S774,-1.61,5e-05
Q6PKG0,S824,-0.81,0.068
Q6PKG0,T1071,0.15,0.63
Q6PKG0,T526,0.19,0.52
Q6PKG0,T647,NA,NA
Q6PKG0,T649,0.69,0.041
Q6PKG0,T785,0.83,0.2
Q6PKG0,T788,0.88,0.055
Q659C4,S633,-0.76,0.00064
Q71RC2,G383,NA,NA
Q71RC2,S597,-2.77,0.00013
Q71RC2,S722,-0.82,0.098
Q92615,S488,-Inf,0
Q92615,S498,-0.53,0.068
Q92615,S718,NA,NA
Q92615,S736,-2.87,0.0054
Q92615,T732,-2.87,0.0054
Q9BRS8,S447,NA,NA
Q9BRS8,S451,NA,NA
Q4G0J3,S298,1.11,0.00026
Q4G0J3,S299,1.11,0.00026
Q4G0J3,S300,0.97,0.07
Q4G0J3,S337,1.46,0.029
Q4G0J3,T338,1.46,0.029
Q14847,T104,-1.3,0.13
Q6UX15,S299,0.54,0.093
Q14739,S99,0.78,0.075
Q9BYE3,P68,NA,NA
Q9BYE3,S70,-2.32,6.7e-05
Q5T5B0,S68,NA,NA
Q5T5B0,S70,-2.32,6.7e-05
Q8NC56,S138,-0.18,0.72
Q8NC56,S139,-0.18,0.72
Q8NC56,S497,NA,NA
Q8NC56,S499,1.02,0.00015
Q8WVC0,S658,2.51,2.3e-05
P09382,S39,NA,NA
P18858,S66,1.77,0.0017
P18858,S76,1.05,0.044
P18858,S911,-0.24,0.42
P18858,S913,-0.24,0.42
P49916,S210,NA,NA
P49916,S913,-1.92,0.19
Q9UHB6,S374,-0.09,0.87
Q9UHB6,S490,-0.07,0.94
Q9UHB6,S609,-0.49,0.07
Q9UPQ0,S231,Inf,0
Q9UPQ0,S303,0.24,0.41
Q9UPQ0,S523,-1.04,0.36
Q9UPQ0,S973,2.23,0.0012
P53667,S181,Inf,0
P53667,S298,1.33,0.031
Q96GY3,S138,NA,NA
Q96GY3,S182,-0.1,0.76
Q05469,S855,-0.33,0.22
Q6P1M3,S961,-0.41,0.13
Q6P1M3,S965,-0.28,0.36
P02545,S12,NA,NA
P02545,S22,-1.8,4.5e-07
P02545,S301,NA,NA
P02545,S390,-0.96,3.2e-05
P02545,S392,-0.96,3.2e-05
P02545,S404,0.3,0.23
P02545,S406,0.3,0.23
P02545,S407,-0.25,0.46
P02545,S414,-2.44,0.059
P02545,S423,0.25,0.52
P02545,S458,1.08,0.0043
P02545,S628,NA,NA
P02545,T19,-4.41,2.9e-06
P20700,S23,-2.92,1e-07
P20700,S404,-1.09,0.11
P20700,S405,-1.09,0.11
P20700,T20,-2.92,1e-07
Q03252,L425,NA,NA
Q03252,S316,-0.1,0.79
Q03252,S37,-3.82,2.9e-06
Q03252,S405,-2.62,0.0031
Q03252,S407,-2.62,0.0031
Q03252,S420,-0.55,0.023
Q03252,S424,NA,NA
Q03252,T34,-3.82,2.9e-06
Q8WWI1,S1493,-0.35,0.23
Q8WWI1,S1510,0.58,0.12
Q8WWI1,S1586,-0.51,0.31
Q8WWI1,S1593,NA,NA
Q9C0E8,S177,-Inf,0
Q9C0E8,S227,-Inf,0
Q92633,S344,NA,NA
Q92633,S346,NA,NA
Q92633,S347,NA,NA
Q14693,S286,NA,NA
Q14693,S294,NA,NA
Q96II8,S415,0.11,0.86
Q96II8,S419,-Inf,0
O75427,S521,Inf,0
O75427,Y531,Inf,0
Q6PJG9,S585,-0.56,0.092
Q8N1G4,S431,-1.35,0.23
Q32MZ4,S16,-2.56,6.7e-08
Q9Y608,S320,0.01,0.98
Q9UFC0,S212,2.37,0.00049
Q9UFC0,S243,-Inf,0
Q9UFC0,S251,0.5,0.07
Q8ND56,S216,0,1
P33241,S252,-1.11,0.098
Q86X29,S530,Inf,0
Q9NQ29,S363,NA,NA
Q9Y383,S347,0.18,0.52
Q86V48,S394,0.71,0.16
Q86V48,S574,0.11,0.7
Q86V48,S659,1.49,0.015
Q86V48,S932,0.69,0.35
Q86V48,S995,-0.21,0.58
Q86V48,T958,Inf,0
Q9NX58,S258,0.55,0.017
Q99698,S2105,-0.65,0.025
Q9BRK4,S570,-0.17,0.68
Q9UPN3,S1367,1.05,0.0016
Q9UPN3,S1376,NA,NA
Q9UPN3,S3927,0.9,0.00048
Q9UPN3,S4496,0.51,0.46
Q9UPN3,S7230,-1.51,0.11
Q9UPN3,S7292,-Inf,0
Q9UPN3,S7330,1.18,1.5e-05
Q9UPN3,S7367,-0.38,0.34
Q9UPN3,S7373,-0.38,0.34
Q9UPN3,S7380,-Inf,0
Q9UPN3,T5327,-0.19,0.47
Q9UPN3,T7371,-0.38,0.34
Q9UPN3,T7383,-Inf,0
O75367,T129,-0.53,0.14
Q9Y6D9,S428,0.09,0.77
Q8WXG6,S156,Inf,0
Q9H063,S75,NA,NA
Q9UNF1,S190,0.44,0.3
Q9UNF1,S191,-0.59,0.22
Q9UNF1,S194,-0.59,0.22
Q9UNF1,S197,-0.59,0.22
Q9UNF1,S206,-0.05,0.91
Q9UNF1,S218,-0.03,0.89
Q9UNF1,S247,-0.94,5e-04
Q5TCQ9,S699,-1.08,0.0028
Q8WVR3,S517,0.15,0.84
P46821,S1265,NA,NA
P46821,S1400,-0.08,0.83
P46821,S1427,0.42,0.41
P46821,S1501,2.3,2.2e-05
P46821,S1653,0.73,0.1
P46821,S1779,0.55,0.42
P46821,S1785,1.1,0.039
P46821,S1793,-0.23,0.54
P46821,S1797,0.26,0.37
P46821,S1819,NA,NA
P46821,S1881,2.49,8.5e-06
P46821,S1915,0.17,0.34
P46821,S1965,0.28,0.36
P46821,S2072,1.23,0.00081
P46821,T1270,NA,NA
P46821,T1932,NA,NA
P46821,T1949,2.27,0.00039
P46821,T2034,-0.76,0.015
Q66K74,S472,1.46,0.035
Q66K74,S582,-1.69,0.0062
Q66K74,S729,-1.71,0.00014
Q66K74,S731,1.74,3.8e-05
Q66K74,S741,1.74,3.8e-05
Q66K74,S759,0.68,0.17
P36507,S23,2.67,0.0066
P36507,T394,0.23,0.24
P46734,S218,Inf,0
P46734,S3,-2.68,8.7e-05
P45985,S257,Inf,0
P45985,S90,2.17,3.6e-06
O14733,S271,1.26,0.00014
Q13233,S250,-0.49,0.14
Q13233,S252,-0.49,0.14
Q13233,S507,NA,NA
Q9Y2U5,S153,-0.52,0.073
Q9Y2U5,S164,NA,NA
Q9Y2U5,S239,1.7,0.0011
Q9Y2U5,T283,NA,NA
O43318,S439,-1.05,0.0026
Q3KQU3,N395,-Inf,0
Q3KQU3,S113,0.68,0.13
Q3KQU3,S116,NA,NA
Q3KQU3,S254,0.11,0.78
Q3KQU3,S273,0.04,0.93
Q3KQU3,S366,-0.06,0.9
Q3KQU3,S399,-0.54,0.31
Q3KQU3,T97,0.77,0.43
Q8IWC1,S165,0.15,0.59
Q8IWC1,S185,-0.49,0.0041
Q8IWC1,S461,-Inf,0
Q8IWC1,S870,0.06,0.85
P28482,T185,NA,NA
P28482,Y187,0.43,0.11
Q16539,T180,Inf,0
Q16539,Y182,Inf,0
P27361,Y204,0.16,0.74
P45984,Y185,0.78,0.049
Q9BPZ7,S510,-1.6,0.17
Q9UPY8,S176,-Inf,0
P10636,S519,0.22,0.35
P10636,T529,-0.84,0.076
P29966,S163,-2.34,0.0011
P29966,S167,NA,NA
P29966,S170,0.15,0.7
P29966,T150,1.51,0.23
P49006,S104,0.83,0.087
Q9Y4F3,S1093,0.3,0.42
Q7KZI7,S40,-0.63,0.00067
Q7KZI7,S400,-1.12,0.36
Q7KZI7,S409,-1.08,4.4e-05
Q7KZI7,S456,-0.18,0.16
Q7KZI7,S486,-1.32,0.0039
Q7KZI7,T596,-1.04,0.37
P27448,S419,-1.3,0.00014
P27448,S469,-1.2,0.069
P27448,T507,-0.41,0.5
Q8N4S9,S161,0.24,0.35
Q6P0Q8,S148,-0.43,0.43
Q6P0Q8,S74,NA,NA
Q6P0Q8,S876,Inf,0
Q6P0Q8,S900,-0.45,0.062
Q96GX5,S370,-1.29,2.7e-05
Q96GX5,S453,-2.65,0.00031
P43243,S188,3.67,4.1e-07
P43243,S598,0.57,0.05
P43243,S604,-0.08,0.86
Q7Z434,T147,NA,NA
Q9UIS9,S297,0.65,0.048
O95243,S387,-1.56,0.00015
O95243,T389,NA,NA
P49736,S381,-0.08,0.68
P25205,S711,NA,NA
P25205,T713,NA,NA
P25205,Y708,NA,NA
P33991,S120,-2.61,1.2e-06
P33991,S131,1.21,0.0046
P33991,S32,-0.82,0.11
P33991,S326,0.84,0.0037
P33991,T110,-1.25,0.00039
Q14566,S13,0.57,0.0095
P33993,S121,0.08,0.8
P33993,S156,0.95,0.0034
Q9NXL9,S915,0.5,0.7
Q9BTE3,S154,0.45,0.042
Q9BTE3,T160,-0.62,0.36
Q14676,P629,0.4,0.14
Q14676,S168,1.01,0.43
Q14676,S1820,-1.78,0.0039
Q14676,S299,-0.51,0.14
Q14676,S376,0.06,0.89
Q14676,S453,0.3,0.53
Q14676,S485,2.29,0.00067
Q14676,S495,1.58,3.2e-05
Q14676,S498,1.58,3.2e-05
Q14676,S504,0.4,0.6
Q14676,S505,0.64,0.0067
Q14676,S793,0.52,0.082
Q14676,T1157,Inf,0
Q14676,T1526,0.19,0.56
Q14676,T1567,-0.55,0.089
Q14676,T1608,0.34,0.17
Q14676,T1630,-Inf,0
Q14676,T242,2.17,8.7e-06
Q14676,T301,-0.51,0.14
Q14676,T378,0.06,0.89
Q14676,T455,0.3,0.53
P40925,S241,0.03,0.89
O15151,S367,Inf,0
Q15648,S1223,1.68,1e-04
Q15648,S1401,-Inf,0
Q15648,T1051,-0.19,0.24
O60244,S1136,NA,NA
O60244,S617,0.75,0.0013
A0JLT2,S226,0.34,0.49
Q02078,S255,-2.67,0.015
Q02078,S496,-0.42,0.029
Q14680,S529,-0.43,0.5
Q7L2J0,S152,1.93,2.4e-05
Q7L2J0,S217,0.96,0.011
Q7L2J0,S254,-1.9,0.00097
Q7L2J0,T213,0.96,0.011
Q7L2J0,T291,-0.34,0.49
P08581,T977,-1.39,0.0052
Q9UBP6,T268,2.36,9.4e-07
P55081,S116,-0.16,0.84
P55081,S118,-0.16,0.84
P55081,S132,1.8,0.019
P55081,S133,1.8,0.019
P55081,S52,-0.03,0.98
P55081,S53,-0.03,0.98
P55081,T267,2.61,5.6e-05
Q9GZY8,S155,Inf,0
Q9GZY8,S157,-1.57,6.3e-05
Q8IWI9,S607,-Inf,0
Q8IWI9,T595,-Inf,0
P16455,S201,-1.84,0.038
Q5JRA6,S1745,-0.23,0.8
Q86YT6,S805,Inf,0
Q96AX9,S309,1.06,0.014
Q8TDZ2,S617,NA,NA
Q7RTP6,S1134,Inf,0
Q7RTP6,S1221,0.16,0.63
Q7RTP6,S1649,1.3,0.0079
Q7RTP6,T887,-2.36,0.0057
Q8N3F8,S486,-1.87,0.0059
Q8N3F8,S578,0,1
Q8IY33,S318,0.1,0.87
Q8IY33,S658,0.9,0.015
Q8IY33,S660,0.9,0.015
O15344,S92,-1.96,9.9e-06
O15344,S96,-1.96,9.9e-06
Q6PJG2,S461,NA,NA
Q6PJG2,S923,1.27,0.05
Q9NQG6,S55,-1.34,0.098
Q9NQG6,S59,-1.34,0.098
Q5JXC2,S303,0.22,0.37
Q9H8M7,S125,NA,NA
Q9NXC5,S766,-0.18,0.56
O75030,S414,-0.97,0.0082
P46013,R1760,1.37,0.004
P46013,S1071,-2.45,2e-04
P46013,S1131,-0.86,0.041
P46013,S1207,-Inf,0
P46013,S1253,0.53,0.32
P46013,S1376,-2.36,0.0089
P46013,S1496,0.36,0.46
P46013,S1679,-3.64,0.00014
P46013,S1758,-2.27,2.3e-06
P46013,S1861,-0.67,0.057
P46013,S2105,-0.45,0.07
P46013,S2223,-1.79,0.02
P46013,S2299,-Inf,0
P46013,S2528,-3.56,0.00072
P46013,S2708,-2.39,0.00038
P46013,S3041,-1.65,3.8e-05
P46013,S308,-0.27,0.42
P46013,S579,-2.51,0.00085
P46013,S584,-3.93,0.00024
P46013,S648,-Inf,0
P46013,S827,-0.28,0.75
P46013,T1139,-Inf,0
P46013,T1167,-Inf,0
P46013,T1193,-Inf,0
P46013,T1503,-Inf,0
P46013,T1869,-Inf,0
P46013,T2113,NA,NA
P46013,T2231,-Inf,0
P46013,T2259,-Inf,0
P46013,T2285,-Inf,0
P58340,S34,-1.04,0.059
Q15773,S238,-1.77,1.2e-05
Q03111,S292,0.72,0.14
P51948,S279,Inf,0
Q7L9L4,S38,NA,NA
Q7L9L4,T35,0.9,0.095
Q7Z3U7,S1214,0.04,0.97
Q9Y6X9,S730,-1.3,0.0026
O75970,S1595,-0.24,0.73
O75970,S230,-0.97,0.044
O00566,S163,1.81,0.028
O00566,S167,1.62,0.023
O00566,S171,1.62,0.023
Q99549,S319,Inf,0
Q99549,S392,Inf,0
Q8N3R9,S53,-0.78,0.11
Q5T2T1,S409,0.17,0.61
Q6WCQ1,S1016,0.11,0.83
Q6WCQ1,S365,-2.03,0.0059
Q6WCQ1,S977,Inf,0
Q6WCQ1,S993,1.07,0.025
Q6WCQ1,T542,0.55,0.3
P25325,T296,Inf,0
P49959,S688,0.21,0.83
P49959,S689,0.21,0.83
Q9Y3D3,T125,Inf,0
Q9Y3D3,T130,Inf,0
Q92665,N234,0.58,0.006
Q92665,Y235,0.58,0.006
Q6P1R3,S436,0.66,0.0034
Q6P1R3,S83,NA,NA
P52701,S137,0.65,0.038
P52701,S41,-0.67,0.0021
P52701,S65,-0.5,0.042
P52701,S79,-1.44,0.035
P52701,S830,0.36,0.41
O43347,S191,1.41,5e-04
Q68DK7,S205,-0.33,0.0046
Q8N5Y2,S367,0.07,0.94
Q8N5Y2,S400,NA,NA
P26038,S576,0.68,0.0026
Q13330,S449,0.31,0.15
Q13330,S460,-0.25,0.32
Q13330,S522,0.64,0.13
O94776,S435,-1.74,0.0029
O94776,T505,-1.59,0.011
Q9BTC8,S457,-1.35,0.074
Q9BTC8,S519,-0.57,0.0022
Q9Y4B5,S1278,-0.03,0.96
Q9Y4B5,S1385,-0.82,0.044
Q9Y4B5,S1514,-0.31,0.46
Q9Y4B5,S776,Inf,0
Q86UE4,S298,0.63,0.32
Q86UE4,S308,-Inf,0
Q86UE4,S568,-0.8,0.0032
Q9H019,S238,Inf,0
Q9H4K7,S40,-0.61,0.3
Q13613,S653,0.25,0.46
Q9NXD2,S751,-0.04,0.85
Q9NXD2,S769,-0.15,0.77
Q9C0I1,S564,-0.29,0.73
Q9C0I1,S716,-1.49,0.07
Q13614,S631,-1.1,0.011
Q13615,S633,0.57,0.13
Q9Y217,N563,NA,NA
Q96QG7,S548,0.35,0.37
P42345,S2448,0.28,0.3
Q9UBK8,T177,NA,NA
Q9ULD2,S1268,-2.31,0.032
Q96NY9,S95,NA,NA
Q96EY5,S188,-0.59,0.34
Q96EY5,S202,1.55,0.0017
Q9H7P6,S224,-0.36,0.37
Q14764,S867,0.6,0.049
Q14764,S873,0.16,0.37
Q9BQG0,S1163,-0.18,0.56
P01106,S281,NA,NA
P01106,S293,NA,NA
P01106,S62,NA,NA
O75592,S2789,-Inf,0
O75592,S2871,-0.54,0.013
O75592,S3478,1.04,0.051
P35580,S1956,3.72,0.0042
P35579,S1943,1.46,0.0074
P35579,S344,0.99,0.43
P19105,S19,Inf,0
O14950,S20,Inf,0
P24844,S20,Inf,0
Q15746,S365,-1.03,0.0052
Q15746,S814,-1.28,6.7e-05
Q92614,S1970,1.81,0.0016
Q92614,S1974,1.81,0.0016
Q92614,S728,0.22,0.67
O00159,S864,-0.12,0.52
Q13459,S1290,0.65,0.078
Q13459,S1366,0.28,0.6
Q13459,S1405,0.84,0.0017
Q13459,T1346,0.35,0.62
Q9NZM1,S174,0.74,0.064
Q6P582,S130,NA,NA
Q6P582,S139,0.72,0.0064
Q6P582,S152,-0.49,0.089
Q6NZ67,S130,NA,NA
Q6NZ67,S139,0.72,0.0064
Q6NZ67,S152,-0.49,0.089
O75113,S288,0.62,0.22
O75113,S300,1.52,0.00074
O75113,T242,0.34,0.24
Q9BRA0,S22,1.52,0.069
Q9BRA0,S24,-0.91,0.074
Q9BRA0,S29,1.52,0.069
Q15742,S159,-1.41,0.00098
Q15742,S162,-1.1,0.0024
Q15742,S171,-0.31,0.53
O95544,S48,-1.04,0.0038
O95544,S64,-0.7,0.0043
Q9NR45,S275,0.05,0.87
P55209,T62,1.66,0.0052
Q99733,S125,3.4,4.1e-06
Q99733,T51,NA,NA
Q6XQN6,S537,0.39,0.099
O43776,T547,-0.03,0.93
Q8NEY1,S312,-0.37,0.21
Q8NEY1,S672,0.08,0.92
Q8IVL0,S336,-0.85,0.027
A2RRP1,S473,0.49,0.29
A2RRP1,S475,0.49,0.29
O60934,S432,-1.88,0.023
Q15021,S1333,0.14,0.88
Q15021,T1331,NA,NA
P42695,S1313,0.18,0.8
Q9BPX3,A971,0.75,0.16
Q9BPX3,S674,Inf,0
Q9BPX3,S973,0.75,0.16
Q9BPX3,S975,0.75,0.16
Q15003,S432,NA,NA
Q15003,S87,-1.72,0.02
Q6IBW4,S200,0.94,0.015
Q6IBW4,S284,-0.31,0.4
Q09161,S22,0.85,5e-04
Q09161,T21,0.08,0.95
Q53F19,S415,-2.08,0.0016
Q53F19,S500,-0.5,0.46
Q53F19,T413,-2.08,0.0016
P16333,S61,0.58,0.033
Q9NZQ3,T181,1.12,0.28
P19338,S563,-0.28,0.18
Q15788,S395,-Inf,0
Q15596,S493,-0.47,0.33
Q9Y6Q9,S214,0.88,0.026
Q9HCD5,S126,1.01,0.0014
Q9HCD5,S29,1.21,0.052
Q9HCD5,S34,0.29,0.5
Q9HCD5,S9,Inf,0
O75376,S1234,-1.96,0.044
O75376,S1322,-0.55,0.2
O75376,S1636,-Inf,0
O75376,S224,0.81,0.14
Q9Y618,S1173,-0.55,0.49
Q9Y618,S1251,-0.75,0.021
Q9Y618,S1479,-2.44,0.0071
Q9Y618,S1595,NA,NA
Q9Y618,S1971,-Inf,0
Q9Y618,S956,-3.02,0.0054
Q9Y618,T1383,-0.79,0.25
Q9Y618,T1483,-3.15,0.078
Q9BTX1,S406,NA,NA
Q9NXR1,S282,-1.73,3.5e-06
Q92597,S330,-0.99,0.0072
Q96PU5,S448,-1.29,0.0056
Q96PY6,S1052,-2.18,0.005
Q96PY6,S806,1.6,0.00066
Q9HC98,S206,Inf,0
Q8TDX7,S195,0.79,0.19
Q8TD19,T333,-1.02,5.1e-05
Q9H3P2,A361,-0.73,0.5
Q9H3P2,S363,-0.73,0.5
P18615,S115,1.55,0.038
P18615,S181,NA,NA
P18615,S353,-2.76,0.18
P18615,S51,2.18,0.00026
Q92859,S1214,-1.28,0.00049
P21359,S2817,-1.63,0.0095
P21359,S2829,-0.26,0.37
P21359,S864,-0.34,0.11
P21359,T2565,0.03,0.89
Q8NCF5,S204,1.18,0.1
Q8NCF5,S338,2.46,0.12
Q00653,S222,1.99,0.015
Q6T4R5,S415,-0.75,0.086
Q6T4R5,S418,-0.75,0.086
Q6T4R5,S479,-0.12,0.78
Q6T4R5,T332,NA,NA
Q9BZQ8,S708,1.98,0.00021
Q9BZQ8,T584,0.89,0.34
Q8N4C6,S269,0.32,0.31
Q6KC79,S2509,1.01,0.39
Q6KC79,S2511,1.01,0.39
Q6KC79,S2513,1.01,0.39
Q6KC79,S2658,0.29,0.4
Q6KC79,S318,1.28,0.0083
P30414,S1420,0.32,0.42
P30414,S1422,0.32,0.42
P30414,S1462,NA,NA
P30414,S463,Inf,0
Q96D46,S468,2.57,9.8e-05
Q96D46,T470,2.57,9.8e-05
P15531,T94,1.32,0.00011
P22392,T94,1.32,0.00011
P30419,S47,-0.33,0.45
Q76FK4,S1082,1.11,0.39
Q76FK4,S1083,1.11,0.39
Q76FK4,S1084,1.11,0.39
Q76FK4,S298,NA,NA
Q76FK4,S304,NA,NA
Q76FK4,S660,-1.77,0.057
Q14978,P199,-1.67,0.0034
Q14978,S397,-1.26,0.21
Q14978,S622,-Inf,0
Q14978,S623,-1.16,0.021
Q14978,S643,-Inf,0
Q14978,S698,0.04,0.95
Q14978,T607,-3.85,3.8e-07
Q14978,T610,-3.85,3.8e-07
Q15233,T428,-1.29,0.13
Q15233,T450,-3.14,0.0057
P78316,S96,-0.92,0.00098
O00567,S519,-0.03,0.91
O00567,S520,1.76,0.00019
O00567,S563,3.71,3.7e-09
O00567,S569,4.05,2.7e-07
O00567,S570,4.05,2.7e-07
O00567,T538,2.17,1.2e-05
Q9Y2X3,S109,-0.63,0.0032
Q9NQX5,S229,-0.48,0.28
P06748,S125,2.72,8.3e-06
P06748,S243,0.6,0.13
P06748,S254,-3.27,2.3e-08
P06748,S260,1.76,0.0027
P06748,S70,0.48,0.45
P06748,T199,-2.7,0.0058
P06748,Y67,NA,NA
Q96L73,S483,-0.76,0.1
Q96L73,S486,-0.81,0.04
O96028,T544,-1.19,0.065
Q9BZ95,S585,Inf,0
Q9UNZ2,S114,1.05,0.015
Q96MF7,S223,-0.06,0.87
Q9NXX6,S30,-1.27,0.011
Q9NXX6,S32,-1.27,0.011
Q9H0G5,S289,0.48,0.12
Q9H0G5,S291,0.48,0.12
Q9H0G5,S293,0.48,0.12
Q9H0G5,S457,NA,NA
Q9H0G5,S460,NA,NA
P49902,S502,0.16,0.78
Q9H1E3,S181,-4.74,8.6e-07
Q9H1E3,S19,4.06,0.00015
Q9H1E3,S214,1.32,0.2
Q9H1E3,S40,NA,NA
Q9H1E3,S73,0.25,0.78
Q9H1E3,S75,1.16,0.035
Q9H1E3,S79,2.42,1.7e-05
Q9H1E3,T179,-4.74,8.6e-07
Q9BZD4,S247,0.17,0.41
Q7Z417,S212,-1.37,0.00089
Q7Z417,S214,-1.37,0.00089
Q7Z417,S230,-1.09,0.0066
Q7Z417,S572,NA,NA
Q7Z417,S652,0,0.98
Q14980,S169,1.49,0.023
Q14980,S1757,0.95,0.075
Q14980,S1991,-Inf,0
Q14980,T2000,-Inf,0
P49757,S276,-0.21,0.73
P49757,S295,-0.07,0.93
Q9Y6R0,S224,NA,NA
Q9Y6R0,S411,NA,NA
P57740,S86,-1.42,0.028
P57740,T64,NA,NA
P49790,S687,-0.8,0.13
Q5SRE5,S1709,0.54,0.21
Q5SRE5,S1717,-0.42,0.27
Q8TEM1,S1874,NA,NA
Q8TEM1,S1877,NA,NA
P35658,S666,-0.91,0.0061
P35658,S678,1.08,0.00036
P35658,S940,0.36,0.064
P35658,T670,-0.14,0.62
Q8NFH5,S55,0.67,0.036
Q8NFH5,S73,-2.52,8.4e-05
Q8NFH5,T273,1.91,7.2e-07
Q8N1F7,S364,0.26,0.52
P52948,S1060,-0.18,0.61
P52948,S1192,0,1
P52948,S839,-Inf,0
P52948,S888,1.5,0.023
Q9NX40,S122,-1.6,0.32
Q9NZT2,S315,1.37,1.6e-05
Q9NZT2,S349,0.33,0.019
Q9NZT2,S378,3.4,5.9e-06
Q96CV9,S198,0.12,0.81
Q96CV9,S526,-0.93,0.011
Q13415,S273,NA,NA
P22059,S190,0.19,0.48
P22059,S193,0.19,0.48
P22059,S240,0.44,0.017
Q9BXB5,S188,-0.01,0.98
Q9BXB5,S209,NA,NA
Q9BXB5,S223,NA,NA
Q9BXB5,S507,Inf,0
Q9BXB4,S181,NA,NA
Q9BXB4,S189,-0.19,0.91
Q9H4L5,S251,1.71,0.0092
Q9H4L5,S265,-0.8,0.00042
Q9H4L5,S372,0.55,0.2
Q9BZF3,S44,0.73,0.027
Q92882,S213,1.33,0.0023
Q01804,S1006,0.47,0.068
Q01804,S1023,0.21,0.37
Q01804,S1024,0.21,0.37
Q6GQQ9,S100,NA,NA
Q6GQQ9,S464,NA,NA
Q6GQQ9,S467,NA,NA
Q8N573,S204,Inf,0
O95747,S339,4.74,5.9e-06
Q9UQ80,S2,0.58,0.14
Q9UQ80,T11,0.58,0.14
Q8N7B6,S47,-0.6,0.0023
Q6VY07,S495,-0.78,0.12
Q6VY07,S529,0.13,0.65
Q6VY07,S531,0.13,0.65
Q6VY07,S534,1.16,0.015
Q9UKS6,S354,Inf,0
Q13177,S141,-0.89,0.4
Q13177,S197,NA,NA
O96013,S104,0.99,0.0015
O96013,S181,0.27,0.18
O96013,S291,0.33,0.24
O96013,S474,0.52,0.32
O96013,S99,-1.44,0.016
Q8WX93,S1101,-1.71,8.6e-06
Q8WX93,S1104,-1.71,8.6e-06
Q8WX93,S1118,NA,NA
Q8WX93,S1121,-0.36,0.59
Q8WX93,S893,-0.36,0.4
Q58A45,S354,0.71,0.35
Q9BZ23,S189,-1.34,0.0013
Q9BWT3,S648,0.65,0.035
Q9BWT3,S708,NA,NA
Q8TEW0,S1223,0.61,0.0031
Q8TEW0,S144,0.09,0.78
Q8TEW0,S715,-0.18,0.59
Q8TEW0,S728,NA,NA
Q8TEW0,S827,0.28,0.37
Q8TEW8,S746,NA,NA
Q9BYG5,S11,-0.62,0.00069
Q9BYG5,S4,1.12,0.00017
Q9BYG4,S4,0.58,0.086
Q9BYG4,S8,0.58,0.086
Q86W56,S448,0.18,0.4
Q53GL7,S431,0.9,0.004
Q9UKK3,S1306,-0.11,0.63
Q9UKK3,S1335,-1.59,0.00058
Q8NI35,S1212,Inf,0
Q8NI35,S455,NA,NA
Q86TB9,S179,-1.37,0.035
Q96IZ0,S259,-0.66,0.073
Q9Y5B6,S557,0.76,0.041
Q9Y5B6,S558,0.76,0.041
Q9BUH6,S148,0.7,0.0019
Q96KB5,S52,-Inf,0
Q96KB5,S59,-Inf,0
Q86U86,S10,-1.04,0.00034
Q86U86,S12,-0.82,0.0065
Q86U86,S14,NA,NA
Q86U86,S1453,0.33,0.25
Q86U86,S39,Inf,0
P61457,S9,2.29,7.2e-05
Q15365,S173,1.53,0.023
Q15365,S190,-0.21,0.55
Q15365,S231,-1.32,0.0097
Q15365,S264,-0.5,0.52
Q15365,S356,-0.62,0.13
Q15365,Y222,NA,NA
Q15366,S364,0.05,0.95
O94913,S370,-0.64,0.089
O94913,S372,-0.64,0.089
O94913,S494,2.5,0.0012
O94913,S509,-1.26,0.0027
O94913,S511,-1.26,0.0027
O94913,S633,-0.88,0.26
Q15154,S110,-Inf,0
Q15154,S119,NA,NA
Q15154,S121,NA,NA
Q15154,S1257,NA,NA
Q15154,S1260,NA,NA
Q15154,S1262,NA,NA
Q15154,S1263,0.94,0.028
Q15154,S1322,-Inf,0
Q15154,S1323,-Inf,0
Q15154,S65,-0.66,0.057
Q15154,S68,NA,NA
Q15154,S861,-0.26,0.54
Q15154,S93,-0.84,0.22
Q15154,S977,-1.46,0.0036
Q15154,T79,-Inf,0
Q15154,T82,-Inf,0
P12004,S261,0.02,0.95
Q9Y5K3,S315,-0.43,0.26
Q14690,S1476,-0.12,0.79
Q53EL6,S457,0.9,0.003
Q53EL6,S94,1.39,0.00021
O14737,S119,1.87,0.00047
Q13371,S293,0,0.99
Q13371,S296,0.68,0.16
Q9H2J4,A33,2.46,0.00023
Q14123,S469,NA,NA
O60658,S386,-0.24,0.51
O60658,S457,1.67,0.0048
P29803,S291,0.35,0.38
P29803,S298,0.35,0.38
Q96JY6,S197,-1.2,0.23
Q96JY6,T279,0.06,0.84
P50479,S11,NA,NA
P50479,S112,0.14,0.67
Q9NR12,A96,NA,NA
Q9NR12,S144,-0.16,0.78
Q9NR12,S78,-0.79,0.0031
Q9NR12,T372,-0.28,0.27
O15530,S241,0.97,0.0078
Q29RF7,S1305,-0.69,0.053
Q9NTI5,S1162,NA,NA
Q9NTI5,S1166,0.02,0.97
Q9NTI5,S1177,NA,NA
Q9NTI5,S1182,1.11,0.00018
Q9NTI5,S1257,0.7,0.087
Q9NTI5,S1259,NA,NA
Q9NTI5,S1358,1.91,7.4e-05
Q9NTI5,S1383,-0.63,0.023
Q9NTI5,T1121,-1.92,4.1e-06
Q9NTI5,T1370,-0.75,0.0062
Q9NTI5,T1381,-0.63,0.023
Q6P996,T687,0.01,0.98
Q8NEN9,S521,0.79,0.11
Q8NEN9,S538,NA,NA
Q15121,S104,1.1,0.036
Q15121,S116,2.39,0.00011
Q9H792,S1374,NA,NA
Q9H792,S281,-0.18,0.11
P12955,T487,0.15,0.37
O43933,S1209,0.04,0.84
O75381,S232,0.48,0.64
O60825,S466,0.29,0.66
O60825,S483,0.12,0.8
P17858,S775,2.32,3.2e-08
P08237,S667,0.42,0.058
Q01813,S386,-0.1,0.6
Q96HS1,S80,0,0.99
O95336,S49,Inf,0
O95336,T257,1.26,9.7e-05
O00264,S181,3.94,2e-06
O00264,S57,3.01,1.1e-06
Q9C0D0,S467,0.8,0.17
Q9C0D0,T104,0.21,0.71
O75167,S522,0.83,0.012
O75167,S560,-0.47,0.37
Q8IZ21,S590,0.95,0.0017
Q8IZ21,S628,0.44,0.02
Q8NDX5,S842,-0.16,0.74
Q8N4B1,S213,-0.24,0.4
Q9UIL8,S5,-0.36,0.071
O75151,S539,NA,NA
O75151,S899,0.83,0.0072
O75151,S905,-0.56,0.14
Q92576,S1133,-0.37,0.19
Q92576,S1925,0.23,0.58
Q92576,S201,NA,NA
Q92576,S283,0.26,0.25
Q92576,S682,-0.17,0.74
Q8IWS0,S145,0.26,0.55
Q8IWS0,S155,1.75,8.9e-06
Q8IWS0,S199,2.4,0.0021
Q9UPP1,S880,-0.74,0.0021
Q8WWQ0,S1281,0.77,0.02
Q8WWQ0,S1283,0.77,0.02
Q8WWQ0,S1315,2.53,3.5e-06
P46020,S7,0.43,0.031
P46020,S981,Inf,0
P46020,S985,NA,NA
Q86UU1,S324,1.44,0.0094
Q86UU1,S430,-0.64,0.24
Q86UU1,S443,-1.42,0.0058
Q86UU1,S461,-2.16,0.036
Q86UU1,S470,-0.84,0.12
Q86UU1,S501,-Inf,0
Q86UU1,S533,-0.5,0.13
Q86UU1,S539,NA,NA
Q86UU1,S551,NA,NA
Q86UU1,S563,-0.09,0.7
Q86UU1,S578,1.11,2e-04
Q86UU1,S583,0.43,0.095
Q86UU1,S971,-1.23,0.0011
Q86SQ0,S157,-2.69,0.0011
Q86SQ0,S175,NA,NA
Q86SQ0,S200,NA,NA
Q86SQ0,S204,0.19,0.64
Q86SQ0,S212,NA,NA
Q86SQ0,S253,NA,NA
Q86SQ0,S255,NA,NA
Q86SQ0,S334,-2.64,0.064
Q86SQ0,S415,-0.95,8.4e-05
Q86SQ0,S418,-0.94,0.068
Q86SQ0,S513,-2.71,0.059
Q86SQ0,S73,-1.34,0.077
Q86SQ0,S934,NA,NA
Q86SQ0,T550,NA,NA
Q6ZVD8,S1210,NA,NA
Q9P1Y6,S1124,-0.76,0.052
Q9P1Y6,S1127,-0.58,0.041
Q9P1Y6,S1128,-0.58,0.041
Q9P1Y6,S867,-1.8,0.006
Q9P1Y6,S973,0.66,0.089
Q96FC7,S12,0.16,0.63
Q9BTU6,S462,0.02,0.94
Q8TCG2,S255,-0.67,0.51
P42356,S230,0.6,0.28
P42356,S256,0.71,0.007
P42356,S260,-0.3,0.21
P42356,S262,NA,NA
P42356,T250,-0.98,0.013
P42356,T255,NA,NA
Q7Z2X4,S247,Inf,0
Q92508,S1621,0.97,0.0031
Q92508,S1646,0.54,0.0071
Q9NWS0,S173,-0.03,0.92
O00329,S1039,-0.02,0.95
Q99570,S814,0.92,0.13
Q9Y2I7,S299,-Inf,0
Q9Y2I7,S307,-0.35,0.25
P48739,S262,0.23,0.3
O00562,S593,-0.4,0.39
Q13563,S812,0.9,0.34
Q13563,S829,0.38,0.56
P14618,S37,1.78,5.3e-05
P14618,T60,NA,NA
Q99640,S143,-1.5,0.00018
Q16512,S495,-0.79,0.03
Q16513,S379,NA,NA
Q16513,S497,0.03,0.93
Q16513,T958,0.59,0.0038
Q99959,S135,0.06,0.88
Q99959,S151,NA,NA
Q99959,S154,NA,NA
Q99959,S329,NA,NA
Q99959,Y161,NA,NA
Q99569,S213,0.19,0.81
Q99569,S214,0.1,0.75
Q99569,S273,NA,NA
Q99569,S281,-1.26,0.3
Q99569,S314,-1.14,0.0054
Q99569,T1017,1.38,0.00097
Q01970,S1105,0.47,0.34
Q01970,S474,0.1,0.82
Q8N3E9,S105,0.91,0.0039
Q8N3E9,S573,0.58,0.0018
Q15149,S1435,0.77,0.037
Q15149,S1721,0.59,0.0018
Q15149,S35,-0.82,0.14
Q15149,S4386,-0.57,0.0065
Q15149,S4389,-0.57,0.0065
Q15149,S4396,-1.56,0.0047
Q15149,S4613,-0.85,6e-04
Q15149,S4622,-0.72,0.054
Q15149,S4626,NA,NA
Q15149,S720,1.45,0.0033
Q15149,T2886,1.46,2.8e-05
Q15149,T4030,1.44,0.0012
Q15149,T4628,NA,NA
Q15149,Y4615,-0.15,0.64
Q9HB19,S184,2.09,0.026
Q9HB19,S314,1.27,0.052
Q9HAU0,S161,1.61,0.0072
Q9HAU0,S410,0.42,0.37
Q9HAU0,S855,-1.45,0.027
Q9HAU0,T438,0.67,0.055
Q9HAU0,T460,0.68,0.072
Q6IQ23,S612,-0.85,0.0012
Q6IQ23,S631,-0.81,0.00072
Q6IQ23,T1013,-0.52,0.28
Q9H8W4,S16,0.21,0.56
Q9H7P9,S450,-0.67,0.22
Q9H7P9,T445,-0.67,0.22
A1L390,S1011,-0.46,0.17
A1L390,S1037,0.39,0.48
A1L390,S1040,0.39,0.48
A1L390,S1081,0.42,0.051
A1L390,S423,-1.19,0.00039
A1L390,S741,-1.29,0.023
A1L390,S76,-0.82,0.034
Q58EX7,S677,-0.49,0.23
Q8IVE3,S202,0.37,0.65
Q8IVE3,S459,-1.04,0.041
Q6ZWE6,S152,0.43,0.1
Q53GL0,S271,NA,NA
P53350,T210,-Inf,0
P53350,T214,NA,NA
Q6UX71,S506,NA,NA
P29590,S505,NA,NA
P29590,S518,0.68,0.074
P54278,T573,-Inf,0
Q8TF01,S211,-1.41,0.013
Q8TF01,S290,NA,NA
Q9H307,S66,2.08,0.0034
Q9H307,S690,0.61,0.23
Q9H307,S692,-0.9,0.0025
Q9H307,S695,-0.9,0.0025
Q7Z3K3,S746,2.24,2.7e-07
P09884,S186,NA,NA
Q14181,T127,-2.01,3e-04
Q14181,T130,-Inf,0
Q9Y2S7,T292,0,1
Q9BY77,S368,-Inf,0
P24928,S1913,Inf,0
P24928,Y1874,0.65,0.18
Q9NVU0,S161,1.16,0.0065
Q9NVU0,S162,1.16,0.0065
Q96HA1,S269,-0.19,0.77
Q96HA1,S351,-1.61,0.19
Q96HA1,S435,0.39,0.15
A8CG34,S246,-0.19,0.77
A8CG34,S328,-1.61,0.19
A8CG34,S412,0.39,0.15
Q99575,S730,2.28,0.0014
P14859,S448,NA,NA
Q9H2U2,S317,1.14,0.16
Q13136,S668,-0.15,0.78
Q13136,S763,0.35,0.23
O75145,S1164,-Inf,0
Q86W92,S466,0.6,0.27
Q86W92,S601,-0.92,0.028
Q8NEY8,S133,0.28,0.45
Q8NEY8,S140,NA,NA
Q8NEY8,S153,NA,NA
Q8NEY8,S155,-1.02,0.0094
Q8NEY8,S205,-0.2,0.76
P62937,S147,0.27,0.15
P62937,S51,2.29,0.00096
Q13427,P612,0.68,0.13
Q13427,S290,0.89,0.032
Q13427,S356,1.55,0.0055
Q13427,S544,1.08,0.0052
Q13427,S546,0.46,0.27
Q13427,S616,0.68,0.13
Q13427,S687,1.03,0.00066
Q13427,S717,Inf,0
Q13427,S744,-0.52,0.41
Q13427,S745,-0.52,0.41
Q13427,T358,1.55,0.0055
Q13427,T748,-0.52,0.41
Q8WUA2,S393,1.32,0.0016
O75688,S376,2.59,1.7e-06
Q9ULR3,S211,NA,NA
P62140,T316,-0.05,0.92
Q96QC0,S313,1.17,1.2e-05
O60927,S73,0.04,0.96
O60927,S74,0.04,0.96
O60927,S77,0.04,0.96
O60927,T75,0.04,0.96
O14974,S299,1.57,2.7e-05
O14974,S445,0.37,0.16
O14974,S472,-0.01,0.99
O14974,S473,NA,NA
O14974,S507,Inf,0
O14974,T696,-1.23,0.41
Q9BZL4,S427,-1,0.12
Q9BZL4,S452,-0.8,0.04
Q96A00,S26,-2.03,0.0029
Q96C90,T143,0.23,0.82
Q6NYC8,S133,1.48,0.0044
Q6NYC8,S145,1.42,0.0025
Q6NYC8,S195,1.29,0.093
Q6NYC8,S213,-0.87,0.27
Q6NYC8,S530,0.17,0.66
Q8TAP8,S47,-0.62,0.15
O95685,S74,-0.4,0.41
O95685,S78,-0.4,0.41
Q6ZSY5,S547,0.33,0.12
Q9ULJ8,S840,1.2,0.032
Q15172,S41,-0.08,0.87
Q14738,S573,0.61,0.23
Q14738,S88,-0.39,0.44
Q14738,S89,-0.39,0.44
Q14738,S90,-0.26,0.58
Q5H9R7,S617,2.12,0.00011
O43663,S4,-2.62,3.6e-06
Q13029,S1484,-0.04,0.92
Q13029,S643,0.69,0.24
Q96MT3,S683,-0.64,0.25
Q7Z3G6,S695,-0.21,0.63
Q7Z3G6,S740,-0.22,0.72
P54646,S377,0.07,0.93
P54646,S491,NA,NA
Q9Y478,S182,1,0.00025
P17612,T198,2.1,0.029
P22694,T198,2.1,0.029
P22612,T198,2.1,0.029
P13861,S58,0.74,0.1
P13861,S78,0.6,0.053
P13861,S80,0.6,0.053
P13861,S99,0.81,0.0019
P13861,T54,Inf,0
P31323,S114,0.84,0.0019
P31323,S83,0.08,0.89
P31323,S85,0.08,0.89
P17252,S226,0.47,0.012
Q05655,S304,NA,NA
Q9BZL6,S197,0.2,0.33
Q9BZL6,S198,NA,NA
P78527,S2612,0.09,0.92
P78527,S2624,NA,NA
P78527,S2672,0.04,0.97
P78527,S4026,NA,NA
P78527,T18,NA,NA
P78527,T2609,-1.09,0.0094
P78527,T2638,-0.54,0.32
P78527,T2647,0.66,0.12
Q86WR7,S179,0.8,0.12
Q86WR7,S27,NA,NA
Q86WR7,S31,-0.34,0.54
Q86WR7,T214,0.72,0.015
Q8WWY3,S439,0.11,0.82
Q8WWY3,S450,-0.33,0.35
Q8WWY3,S451,NA,NA
Q8WWY3,T440,0.16,0.84
Q8WWY3,T455,NA,NA
Q8WWY3,T499,-1.02,0.063
Q5VTL8,S318,-0.41,0.35
Q5VTL8,S320,-0.41,0.35
Q5VTL8,S473,-0.44,0.19
Q5VTL8,S475,0.41,0.16
Q5VTL8,S481,NA,NA
Q5VTL8,S529,0.16,0.79
O75400,S151,-0.31,0.38
Q6NWY9,S832,1,0.032
Q13523,S239,0.3,0.63
Q13523,S241,1.05,0.11
Q13523,S257,Inf,0
Q13523,S277,0.76,0.081
Q13523,S354,0.71,0.081
Q13523,S356,0.71,0.081
Q13523,S366,-0.98,0.18
Q13523,S368,-0.98,0.18
Q13523,S394,-0.3,0.44
Q13523,S396,-0.3,0.44
Q13523,S431,1.83,0.0031
Q13523,S437,1.83,0.0031
Q13523,S578,0.73,0.051
Q13523,S580,0.73,0.051
Q13523,S87,0.61,0.18
Q13523,S93,1.58,0.00022
Q13523,Y849,1.56,4.1e-06
O94906,T266,0.07,0.86
O94906,T275,Inf,0
Q14558,S215,1.14,0.0022
Q9ULL5,S1381,0.4,0.51
Q9ULL5,S1382,0.4,0.51
Q9BWN1,T363,2.16,0.00059
P0CG20,T82,0.69,0.0031
P85299,S254,0.09,0.65
P85299,S282,-0.02,0.94
Q5FWE3,S854,-Inf,0
Q9NYI0,S1011,-0.25,0.3
O75475,S273,-1.77,3.6e-05
O75475,S275,-1.77,3.6e-05
O75475,T272,-1.97,0.025
P25788,S250,2.52,1e-05
P28066,S56,0.78,0.16
P28074,T262,1.11,0.00039
O00231,S14,3.6,2.7e-07
Q13200,S147,1.17,8e-05
Q92530,S152,NA,NA
Q92530,S153,1.64,0.032
P26599,S141,NA,NA
P26599,T138,NA,NA
O95758,S56,-1.51,9e-05
P48651,S442,0.17,0.71
Q9BVG9,S16,0.92,0.00036
Q9P2B2,S875,-0.55,0.023
Q05397,S29,-Inf,0
Q05397,S716,NA,NA
Q05397,S722,0.11,0.65
Q05397,Y576,0.44,0.031
Q13308,S1064,Inf,0
Q13308,S784,0.16,0.74
P18031,S50,-0.72,0.0027
Q05209,S332,1.17,0.0051
Q05209,S435,-0.71,0.19
Q12923,S1029,-0.53,0.53
Q12923,S1033,0.61,0.22
Q12923,S908,-1.01,0.0065
Q15678,S314,1.02,0.007
Q15678,S328,1.05,0.01
Q15678,S432,0.28,0.75
Q15678,S486,NA,NA
Q15678,S538,NA,NA
Q15678,S593,-0.61,0.25
Q15678,S594,-0.83,0.029
Q15678,S642,-1,0.13
Q15678,S760,NA,NA
Q15678,T670,-0.42,0.81
Q16825,S673,-1.15,0.00026
P26045,S359,-0.16,0.72
Q15262,S856,0.21,0.51
Q15262,T860,NA,NA
Q92729,S853,-Inf,0
Q92729,S863,-0.88,0.036
Q14671,S709,-Inf,0
Q14671,T112,-0.88,0.068
Q8TB72,S182,1.49,0.0052
Q9Y606,T426,1.16,0.0027
P49023,S258,-0.13,0.7
P49023,S85,-0.78,0.29
P06737,S15,2.59,1.9e-05
Q9BRQ0,S40,1,0.02
Q15032,S282,1.88,4.3e-06
Q6WKZ4,S156,1.02,0.14
Q7L804,S150,0.69,0.008
Q9BXF6,S176,0.85,0.39
Q9BXF6,S307,-0.29,0.41
Q9BXF6,S357,NA,NA
Q9NP72,S144,0.26,0.35
Q96QF0,S163,-1.91,8.6e-07
Q96QF0,S288,0.46,0.018
Q9Y3P9,S360,Inf,0
Q9UJ41,S132,0.64,0.0075
Q9H0H5,S187,-0.65,0.016
Q9H0H5,S203,-0.28,0.31
P63244,T316,1.4,4.1e-06
Q9NS91,S103,-1.2,0.0018
Q92878,T690,2.91,0.023
Q9Y4B4,T1260,1.01,0.15
P04049,S259,-0.71,0.036
P04049,S621,-0.11,0.57
P04049,S642,-Inf,0
P04049,T234,-1.18,0.01
P04049,T260,-0.91,0.13
Q9P0K7,T249,Inf,0
Q6GYQ0,S797,-0.62,0.01
Q2PPJ7,S696,-1.52,0.00058
Q2PPJ7,S820,Inf,0
Q2PPJ7,S821,-0.33,0.14
Q86X10,T379,-2.47,0.023
Q86X27,S296,0.67,0.043
Q86X27,S308,-0.47,0.36
Q86X27,S343,0.61,0.011
Q86X27,S422,0.11,0.44
Q86X27,T361,0.65,0.0088
Q9UKM9,S135,-0.68,0.031
Q9UKM9,S288,1.1,4.2e-05
Q9UKM9,S295,1.44,0.0044
Q9UKM9,T286,1.1,4.2e-05
Q9UKM9,T298,1.41,0.00017
P62826,S135,-0.52,0.079
P43487,S60,1.75,4.9e-06
Q6VN20,S355,0.96,0.004
Q6VN20,S365,-0.48,0.44
Q6VN20,S369,-0.13,0.87
P49792,S2276,0.46,0.33
P49792,S2510,-2.02,0.00018
P49792,S2668,Inf,0
P49792,S781,NA,NA
P49792,S796,1.09,0.34
P49792,T2153,-1.55,0.0058
P49792,T2450,1.65,0.11
P49792,T2458,1.11,0.013
P49792,T779,NA,NA
P49792,T799,0.02,0.91
Q9H6Z4,S100,0.42,0.23
Q9H6Z4,S101,2.04,2e-04
Q9H6Z4,S108,2.04,2e-04
Q9H6Z4,S126,-1.75,0.1
Q13905,S296,-2.17,0.034
Q9Y4G8,S960,NA,NA
Q70E73,S192,0.81,0.018
Q70E73,S54,NA,NA
Q70E73,S965,-0.26,0.75
Q14644,S809,NA,NA
Q9UJF2,S864,-0.04,0.9
Q9UJF2,T620,-0.51,0.2
Q6T310,S217,1.28,0.00081
Q9NS23,S207,NA,NA
Q8NHQ8,S105,-0.99,0.0059
Q8NHQ8,S129,-0.99,0.055
Q8NHQ8,T131,0.16,0.63
P06400,S855,-1.18,0.29
P06400,T356,-0.5,0.14
P06400,T373,0.34,0.23
P06400,T821,NA,NA
P06400,T823,NA,NA
P06400,T826,NA,NA
P06400,T841,-Inf,0
Q7Z6E9,S1179,0.22,0.48
Q7Z6E9,S360,-1.97,0.11
Q7Z6E9,S768,1.34,0.039
Q7Z6E9,S770,1.34,0.039
Q7Z6E9,S772,1.34,0.039
Q7Z6E9,S861,1.18,0.026
Q7Z6E9,T1087,-0.04,0.96
Q16576,S354,NA,NA
P28749,T369,-2.82,4.3e-06
P28749,T385,-2.77,3.6e-06
Q08999,S1080,NA,NA
Q08999,S1112,NA,NA
Q08999,S413,0.11,0.89
Q08999,T401,-0.58,0.0073
Q08999,T417,0.11,0.89
P98175,S797,0.51,0.24
P98175,S89,-0.01,0.98
Q8IXT5,S280,1.06,0.019
Q8IXT5,S377,0.95,0.11
Q96T37,S294,-1.45,0.019
Q96T37,S656,NA,NA
Q96T37,S659,NA,NA
Q96T37,S670,0.28,0.43
Q96T37,S674,0.28,0.43
Q96T37,S700,-0.61,0.73
Q96T37,S765,1.13,0.0062
Q96T37,T568,-0.64,0.26
Q8NDT2,S109,1.07,0.0052
Q8NDT2,S113,-0.13,0.79
Q8NDT2,S265,0.66,0.16
Q8NDT2,S267,-0.67,0.089
Q8NDT2,S562,Inf,0
Q8NDT2,S609,0.73,0.0038
Q96I25,S155,3.45,0.00013
Q96I25,Y214,-0.96,0.59
P49756,S677,-2.52,0.031
Q5T8P6,S795,1.16,0.02
P42696,S14,2.61,4.8e-06
Q14498,S97,0.21,0.77
Q9Y580,S136,2.52,1.5e-05
Q9Y580,S137,-Inf,0
Q9Y580,S204,3.11,1e-06
Q9Y5S9,S42,0.54,0.017
Q9Y5S9,S56,3.25,3.9e-07
P29558,S27,Inf,0
Q9Y388,S148,1.41,0.032
Q9Y388,S149,1.41,0.032
Q9Y388,S308,0.23,0.32
P53805,S218,Inf,0
P18754,S11,1.31,0.017
Q9P258,S50,-1.22,0.0015
Q9P258,S51,-1.22,0.0015
O94761,S251,-0.56,0.098
O94761,S27,Inf,0
Q6NUK4,S152,0.18,0.53
Q6NUK4,S225,-0.72,0.27
Q6NUK4,S242,-0.33,0.58
Q9H6H4,S152,-0.1,0.91
Q9H6H4,S194,1.24,0.046
Q9H6H4,S202,1.24,0.046
Q9H6H4,S224,-0.69,0.31
Q9H6H4,T196,1.24,0.046
Q9P260,S180,0.93,0.00028
Q96D71,S482,-1.35,0.063
Q96D71,S562,0.42,0.18
Q96D71,S709,0.4,0.18
Q96D71,Y126,-Inf,0
Q9P2R6,S656,Inf,0
Q8NC44,S385,1.74,0.00059
Q86VR2,S258,0.91,0.0067
Q86VR2,S26,Inf,0
Q86VR2,S260,0.91,0.0067
Q86VR2,S320,2.26,0.0042
P35251,S108,0.77,0.27
P35251,S156,0.24,0.7
P35251,S283,-1.81,0.0031
P35251,S312,-0.68,0.21
P35251,S69,-0.41,0.31
P35251,S71,-0.41,0.31
P35251,T110,0.77,0.27
Q8WZ73,S240,Inf,0
Q2KHR2,S1069,-0.52,0.1
Q2KHR2,S1071,-0.52,0.1
Q2KHR2,S1081,0.12,0.7
O15211,S409,Inf,0
O15211,T752,NA,NA
O43665,S176,-Inf,0
P49796,S917,NA,NA
P49796,S943,0.57,0.076
P49796,S946,0.57,0.076
Q6PJF5,S113,2.47,4.4e-07
Q6PJF5,S325,-Inf,0
Q6PJF5,S328,-Inf,0
Q6PJF5,S90,2.97,1.5e-07
Q8IUC4,S616,1.09,0.0016
Q8IUC4,S639,0.77,0.00075
Q8IUC4,S642,Inf,0
Q8IUC4,S654,0.23,0.31
Q8IUC4,T606,1.67,5.4e-06
Q8IUC4,T655,0.18,0.27
Q6R327,S1284,0.01,0.99
Q6R327,S1302,-0.02,0.93
Q6R327,S1385,-2.11,0.036
Q6R327,S1388,-2.11,0.036
Q5UIP0,S1688,0.13,0.8
Q5UIP0,S2161,-Inf,0
Q5UIP0,S2172,-1.95,0.00022
Q5UIP0,S2176,NA,NA
Q5UIP0,S2196,-Inf,0
Q5UIP0,S2231,NA,NA
Q5UIP0,S2260,-2.99,0.00012
Q5UIP0,S2265,-2.99,0.00012
Q5UIP0,S2348,NA,NA
Q5UIP0,S2393,Inf,0
Q5UIP0,S782,-0.18,0.63
Q96NA2,S314,1.24,0.07
Q96NA2,S315,1.24,0.07
Q9UQ26,S400,-0.3,0.13
Q13671,S337,0.99,0.13
Q13671,S351,0.06,0.9
Q06587,S38,1.07,0.028
O43353,S176,0.08,0.79
Q6ZS17,S22,-1.37,0.032
Q96MK2,S24,-Inf,0
Q9NVW2,S230,-0.86,0.0092
Q96TC7,P70,3.01,2.1e-05
Q96TC7,S46,0.89,0.032
O60930,S76,Inf,0
O75792,S277,-0.54,0.13
Q8IUD6,A113,0.16,0.77
Q8NCN4,S403,0.7,0.0014
Q99496,S41,NA,NA
Q63HN8,F382,NA,NA
Q63HN8,S2904,-0.34,0.038
Q9NWF9,S719,0.04,0.9
Q969K3,S254,0.06,0.67
P13489,T82,0.73,0.035
Q96LT9,S108,1.02,0.0074
Q15287,S251,1.13,0.033
Q15287,S266,-0.1,0.89
O75116,S1362,0.2,0.44
P27694,S135,-Inf,0
P27694,S384,-Inf,0
P26373,S106,0,1
Q02543,S123,-0.09,0.64
Q02543,S71,0.34,0.18
Q6P5R6,S118,0.98,0.015
P83731,S86,Inf,0
P83731,T83,-1.09,0.00026
P46779,S115,-0.63,0.021
P46779,S68,0.26,0.25
P47914,S31,0.78,0.015
P47914,S66,Inf,0
P36578,T107,-0.22,0.3
P46777,S286,NA,NA
P05386,S101,Inf,0
P05386,S104,Inf,0
P05387,S17,NA,NA
Q9NQG5,S270,NA,NA
Q9NQG5,T262,NA,NA
P46783,S146,NA,NA
P62249,S3,0.56,0.049
P08708,S113,1.67,0.0033
P60866,T9,Inf,0
P62857,S4,0.44,0.17
P23396,T221,0.72,0.29
P61247,S263,-0.3,0.16
Q15418,S363,0.16,0.55
P51812,S227,1.48,0.012
P51812,S369,1.35,0.00017
P51812,S375,-0.04,0.96
P51812,S715,-0.96,0.00069
P51812,T231,-0.06,0.89
P23443,S447,-1.27,0.029
Q96S38,S282,NA,NA
Q96S38,S423,NA,NA
Q96S38,S427,NA,NA
P62241,S160,0.36,0.078
Q8N122,S877,-0.02,0.98
P62070,S186,2.18,0.00011
Q9P2E9,S615,NA,NA
Q92766,S161,1.33,0.042
P31350,S20,NA,NA
Q9NYV6,S44,-Inf,0
P56182,S3,1.33,0.016
Q14684,S245,-0.58,0.33
Q14684,S392,NA,NA
Q14684,S394,NA,NA
Q14684,S395,NA,NA
Q14684,S453,-0.69,0.14
Q14684,S458,0.99,0.0097
Q14684,S706,-1.15,0.00056
Q14684,T454,-0.69,0.14
Q9Y3A4,S99,NA,NA
O43159,S104,0.28,0.53
O43159,S106,0.28,0.53
O43818,S50,1.21,0.009
O43818,S51,1.21,0.009
O43818,S53,1.21,0.009
Q5VWQ0,S547,-0.55,0.17
Q96T23,S1221,0.52,0.28
Q96T23,S1223,0.52,0.28
Q96T23,S1226,0.52,0.28
Q96T23,S1277,1.15,0.014
Q96T23,S1282,1.15,0.014
Q96T23,S1310,0.89,0.026
Q96T23,S397,-0.27,0.52
Q96T23,T1278,1.15,0.014
Q96T23,T1305,2.12,0.00049
O76021,S392,0.33,0.52
O76021,T21,-2.88,2.9e-05
O76021,T415,-4.06,0.00066
O76021,T423,-4.06,0.00066
O76021,T490,-Inf,0
Q96IZ7,S331,0.18,0.62
Q7L4I2,S216,-1.99,0.17
Q7L4I2,S218,-0.57,0.29
Q7L4I2,S222,-1.99,0.17
Q7L4I2,S32,0.73,0.014
Q7L4I2,T220,-1.99,0.17
Q92622,S410,-0.09,0.78
Q92622,S528,Inf,0
Q01196,S212,-2.18,0.032
Q06455,T592,-0.18,0.68
Q06455,T595,-0.06,0.89
Q8N2Y8,S498,NA,NA
A6NKF1,S402,2.01,2.7e-07
Q9NZJ4,S2511,0.27,0.33
Q9UBE0,S12,1.9,0.00039
Q9UBE0,S185,Inf,0
Q15424,S32,1.27,8.7e-06
Q15424,S383,1.2,0.0097
Q15424,S384,1.2,0.0097
Q15424,S582,-1.46,0.0094
Q15424,S604,1.7,2e-04
Q15424,S808,0.09,0.83
Q14151,S31,1.7,3.9e-07
Q14151,S343,1.72,0.0043
Q14151,S444,NA,NA
Q14151,S563,0.32,0.24
Q14151,S565,0.32,0.24
Q14151,S832,0.55,0.081
Q9UPU9,S168,0.42,0.35
Q9UPU9,S254,-0.04,0.91
Q9UPU9,S272,-0.04,0.91
Q9UPU9,S580,-1.5,0.019
Q9Y3Z3,N606,0.18,0.5
Q9H0E3,S855,0.24,0.12
Q9H0E3,T856,0.24,0.12
O75446,S131,Inf,0
O75446,S138,Inf,0
Q9UHR5,S113,0.11,0.93
Q9HAJ7,S99,NA,NA
Q9H4B6,S94,-Inf,0
O95248,S1142,NA,NA
O95248,T1138,-0.81,0.07
Q86WG5,T1125,0.08,0.91
Q9H7N4,S239,1.74,0.0024
Q9H7N4,S498,0,1
Q9H7N4,S500,1.3,0.14
Q9H7N4,S612,0.32,0.56
Q9H7N4,S614,0.32,0.56
Q9H7N4,S965,1.84,0.0026
Q99590,S796,0.57,0.0036
Q99590,S802,NA,NA
Q99590,S816,-0.14,0.73
Q99590,S818,-0.14,0.73
Q99590,S832,0.25,0.63
Q99590,S880,NA,NA
Q99590,S963,-Inf,0
Q9UPN6,S447,0.65,0.047
O14828,S76,-1.14,0.052
Q96GP6,S501,0.74,0.039
Q96GP6,S651,0.32,0.37
Q96GP6,S653,0.32,0.37
Q96GP6,S687,-0.98,0.028
Q96GP6,S698,-0.98,0.028
Q96GP6,S718,-0.15,0.82
Q8WVM8,S303,0.08,0.9
Q9UQR0,S267,-2.17,2e-04
Q9UQR0,S511,-1.16,0.045
Q14160,S1140,NA,NA
Q14160,S1475,0.46,0.027
Q14160,S1508,-0.18,0.65
Q14160,S35,1.09,0.17
Q14160,S835,-0.02,0.96
Q14160,S853,0.09,0.87
Q96FV2,T52,0.74,2.4e-05
Q8IZE3,S707,0.26,0.56
O15027,S1327,NA,NA
O15027,S1359,0.37,0.37
O15027,S1369,-Inf,0
O15027,S1371,NA,NA
O15027,S1372,NA,NA
O15027,S1374,NA,NA
O15027,S2295,0.01,0.98
O75396,S137,0.66,0.007
O94979,S1163,0.08,0.68
O94979,S799,-0.19,0.44
P60468,S17,-Inf,0
P60468,S49,0.52,0.032
Q9H2E6,S924,-1.09,0.13
Q9H4L4,S169,0.81,0.02
Q9H4L4,S181,0.54,0.56
Q9P0V9,S28,1.05,0.069
Q15019,S218,3.37,2.7e-07
Q16181,T426,0.45,0.22
Q92599,S20,NA,NA
Q9UHD8,S85,-0.73,0.18
Q9UHD8,T142,0.31,0.59
Q8NC51,S330,3.86,4.4e-07
O15047,S508,0.9,0.4
O15047,T510,0.9,0.4
Q9BYW2,L1112,NA,NA
Q9BYW2,S321,1.04,0.0083
Q9BYW2,S323,1.04,0.0083
Q9BYW2,S532,0.16,0.75
Q15047,S1066,-0.15,0.67
Q15637,S80,1.07,0.041
Q15637,S82,1.07,0.041
O75533,S129,-0.4,0.48
O75533,T142,-0.4,0.48
O75533,T267,0.65,0.19
O75533,T273,0.27,0.59
O75533,T278,0.01,0.98
Q13435,S289,Inf,0
Q13435,S307,0.48,0.17
Q13435,S309,0.48,0.17
Q13435,S343,Inf,0
Q13435,S346,Inf,0
Q13435,T780,-1.11,0.16
Q12872,R833,NA,NA
Q12872,S832,0.59,0.26
Q12872,S834,0.59,0.26
Q9BX95,S112,0.8,0.015
O43765,S301,-2,0.0033
O43765,S305,-1.23,1e-05
O43765,T303,-0.74,0.075
Q96EQ0,S297,-1.02,0.0029
Q9H788,S275,-1.6,0.055
Q9H788,S315,2.42,0.0034
Q9Y3L3,S262,0.89,0.38
Q9Y3L3,S596,NA,NA
Q9P0V3,S246,-0.8,0.004
Q9P0V3,S296,-0.43,0.35
Q7L8J4,S362,1.18,0.00019
Q5HYK7,S369,-0.3,0.59
Q99961,S288,0.25,0.43
Q96B97,S230,1.14,0.00064
Q7Z6J0,S304,-1.64,9e-04
P34897,S266,0.81,0.015
Q13796,S1036,0.41,0.23
Q13796,S1039,1.25,0.02
Q13796,S1297,0.39,0.66
Q13796,S313,0.65,0.35
Q13796,S764,0,0.99
Q13796,S897,0.56,0.16
Q13796,S922,-0.01,0.99
P57059,S575,NA,NA
A0A0B4J2F2,S575,NA,NA
Q9Y2K2,S551,0.63,0.0079
Q9Y2K2,S626,NA,NA
Q9Y2K2,T469,0.27,0.59
Q96ST3,S1112,0.33,0.3
Q96ST3,S832,Inf,0
Q96ST3,S940,-0.06,0.82
Q96FS4,S55,0.4,0.13
Q96FS4,S74,-0.17,0.84
O60292,S1364,0.1,0.83
O60292,S158,-1.31,5.3e-05
O60292,S172,-0.38,0.34
Q96EB6,S47,0.15,0.86
P63208,T131,1.69,0.00019
Q9P270,S147,-3.88,1.6e-06
Q9P270,S353,-0.63,0.11
Q9P270,S357,-0.63,0.11
Q9P270,S366,-0.13,0.83
Q9P270,S377,-Inf,0
Q9P270,S413,-1.61,6.4e-06
Q9Y666,T973,NA,NA
Q9Y666,T980,-0.41,0.25
P53985,S483,2.12,1.6e-06
P53985,S498,3.23,0.00028
Q16572,S480,Inf,0
Q8WUM9,S265,0.51,0.13
Q8WUM9,S269,0.17,0.6
Q8WUM9,S417,-Inf,0
Q96AG3,S34,NA,NA
Q96AG3,T45,0.52,0.044
Q9BXS9,S752,0.96,0.0029
Q9BXS9,S755,0.36,0.2
Q8TB61,S427,-0.19,0.38
Q9NQQ7,S335,NA,NA
Q92504,S275,0.25,0.74
Q92504,S276,0.25,0.74
Q9BWU0,S312,3.44,0.00013
P04920,S113,1.69,0.0041
P04920,S173,0.35,0.55
P04920,S443,NA,NA
P04920,S446,NA,NA
P04920,S449,NA,NA
Q9Y6R1,S232,-0.86,0.13
Q9Y6R1,S233,NA,NA
Q9Y6R1,S245,-0.66,0.12
Q9Y6R1,S257,1.59,5.8e-05
Q9Y6R1,S65,-0.04,0.91
Q9Y6R1,S68,-0.04,0.91
Q9Y6R1,T254,1.04,0.0084
Q9Y6M7,S233,0.55,0.094
Q9Y6M7,S242,-2.25,0.00013
Q9Y6M7,S55,0.06,0.92
Q96CW6,S16,Inf,0
P19634,S693,-0.09,0.94
O14745,S280,0.07,0.9
Q96BD0,S50,-Inf,0
Q9GZT3,S102,1.42,2.4e-05
Q9GZT3,T101,1.67,0.00052
Q9H2G2,S779,-1.56,0.43
Q9NWH9,S1002,NA,NA
Q9NWH9,S421,0.15,0.5
Q9NWH9,S553,-0.07,0.88
O00193,S15,Inf,0
O00193,S17,1.85,5e-04
Q8WU79,S177,-0.82,0.29
P28370,S116,-0.05,0.94
P28370,S119,-0.96,0.13
P51532,S1417,0.29,0.22
P51532,S1452,0.3,0.61
P51532,T1423,NA,NA
O60264,S116,-0.26,0.56
Q9H4L7,S211,0.27,0.49
Q9H4L7,S212,0.27,0.49
Q9H4L7,S214,0.27,0.49
Q9H4L7,S239,Inf,0
Q9H4L7,S242,Inf,0
Q92922,S310,0.21,0.54
Q92922,S328,-0.77,0.012
Q92922,S330,-0.77,0.012
Q8TAQ2,S283,0.51,0.1
Q8TAQ2,S302,0.4,0.099
Q8TAQ2,S304,0.4,0.099
Q8TAQ2,S306,-0.01,0.97
Q8TAQ2,T322,NA,NA
Q9NTJ3,S22,-0.25,0.88
Q9NTJ3,S27,-0.25,0.88
Q9NTJ3,S28,2.02,0.0074
Q86US8,S831,0.1,0.78
Q8ND04,S132,NA,NA
Q8ND04,S742,2.06,1.6e-05
Q9H0W8,S32,NA,NA
Q9NXE4,S792,-1.41,0.0019
P53814,S357,-Inf,0
P53814,S514,-2.42,0.0015
P53814,S792,-0.86,0.16
Q2TAL5,S344,0.79,0.15
O00161,S211,-Inf,0
O00161,S5,-Inf,0
O95295,S133,-1.69,0.019
Q8TAD8,S153,1.35,0.00048
Q8TAD8,S35,1.53,0.0032
Q8TAD8,S52,0.57,0.17
Q8TAD8,S54,0.57,0.17
Q8TAD8,S99,-0.58,0.51
Q9NRH2,S351,-1.22,0.0028
Q9NRH2,S518,-1.81,0.066
P09234,S17,-Inf,0
Q13884,A392,NA,NA
Q13884,S389,0.55,0.0098
Q13425,S389,-0.49,0.3
Q13425,S393,-0.84,0.0043
Q13573,S224,0.35,0.043
Q13573,S232,-0.34,0.059
O60749,S119,0.46,0.01
O60749,S185,-0.28,0.12
Q96L92,S51,0.43,0.096
O60493,S72,-0.02,0.92
A7XYQ1,S629,-1.58,0.032
P18583,S1556,1.62,0.014
P18583,S2009,0.76,0.12
P18583,S2011,0.76,0.12
P18583,S2013,0.76,0.12
P18583,S2020,-0.96,0.2
P18583,S2029,-1.32,0.0046
P18583,S2031,-1.32,0.0046
P18583,T2022,-0.96,0.2
Q9BX66,S325,-0.07,0.87
Q9BX66,S350,Inf,0
Q9BX66,S472,-Inf,0
Q9BX66,T497,-0.38,0.35
O60504,S530,0.07,0.85
O60504,S563,NA,NA
Q99523,S825,Inf,0
Q53LP3,S213,NA,NA
P23497,S407,0.24,0.73
P23497,S409,-0.48,0.49
P23497,S410,-0.48,0.49
Q02447,S646,-2.94,6.9e-07
O60271,S183,-2.65,2.3e-08
O60271,S185,-2.82,1.7e-07
O60271,S730,0.84,0.053
O60271,S733,0.84,0.053
O60271,T177,NA,NA
Q96N96,S78,-0.23,0.37
Q69YQ0,S171,2.04,2e-07
Q69YQ0,S384,0.31,0.056
Q15772,S398,0.4,0.021
Q15772,S476,0,1
Q96T58,S1278,0.14,0.81
Q96T58,S1287,-0.28,0.83
Q96T58,S1380,-0.26,0.42
Q96T58,S1382,-0.26,0.42
Q96T58,S1390,NA,NA
Q96T58,S727,0.72,0.023
Q9NRA0,S399,0.15,0.69
Q8N0Z3,T235,-0.9,0.026
Q9BUA3,S248,0.77,0.0097
Q9BUA3,S251,0.77,0.0097
Q08AE8,S387,-0.43,0.069
Q08AE8,S523,1.85,9.3e-05
Q8WWL2,S440,1.25,0.014
Q8IVW8,S63,NA,NA
P10451,S224,NA,NA
P10451,S234,NA,NA
P10451,S254,-1.74,0.0027
P10451,S303,-Inf,0
P10451,S308,-Inf,0
P10451,S310,-2.97,0.02
P10451,S311,NA,NA
Q13813,S1190,-0.47,0.2
Q13813,S1217,1.32,0.00058
Q13813,S1323,1.32,0.0062
Q01082,S2102,1.3,0.065
Q01082,S2340,NA,NA
Q01082,S678,Inf,0
Q01082,T2328,0.36,0.46
Q01082,T999,-0.52,0.0087
Q13501,P437,0.59,0.049
Q13501,S207,-0.16,0.8
Q13501,S272,1.12,0.035
Q13501,T269,-0.24,0.44
Q8N5C6,S179,-Inf,0
Q6ZRS2,S2725,Inf,0
Q6ZRS2,S2790,-0.51,0.52
P11831,S224,1.31,4.1e-05
Q7Z6B7,S1029,-0.87,0.32
O75044,S909,-0.8,0.17
P37108,T45,0.89,0.037
Q8IYB3,S341,0.22,0.79
Q8IYB3,S343,0.22,0.79
Q8IYB3,S389,1.17,0.011
Q8IYB3,S391,-0.82,0.26
Q8IYB3,S393,1.17,0.011
Q8IYB3,S402,1.68,0.0056
Q8IYB3,S414,0.95,0.13
Q8IYB3,S429,-0.69,0.057
Q8IYB3,S431,-0.69,0.057
Q8IYB3,S450,1.44,0.0044
Q8IYB3,S452,-0.65,0.13
Q8IYB3,S463,0.45,0.18
Q8IYB3,S465,0.36,0.56
Q8IYB3,S524,1.7,0.036
Q8IYB3,S526,1.7,0.036
Q8IYB3,S528,1.7,0.036
Q8IYB3,S530,1.7,0.036
Q8IYB3,S532,NA,NA
Q8IYB3,S541,NA,NA
Q8IYB3,S549,0.14,0.72
Q8IYB3,S551,0.14,0.72
Q8IYB3,S560,0.7,0.23
Q8IYB3,S562,-0.46,0.64
Q8IYB3,S583,0.62,0.26
Q8IYB3,S597,0.62,0.027
Q8IYB3,S605,-0.64,0.2
Q8IYB3,S607,-0.64,0.2
Q8IYB3,S616,0.99,0.18
Q8IYB3,S626,1.03,0.023
Q8IYB3,S628,1.03,0.023
Q8IYB3,S636,1.02,0.068
Q8IYB3,S638,1.02,0.068
Q8IYB3,S645,-2.99,0.13
Q8IYB3,S653,0.11,0.84
Q8IYB3,S655,0.11,0.84
Q8IYB3,S683,0.8,0.11
Q8IYB3,S685,0.8,0.11
Q8IYB3,S696,1.3,0.036
Q8IYB3,S713,3.18,7.2e-06
Q8IYB3,S715,0.69,0.2
Q8IYB3,S725,0.38,0.2
Q8IYB3,S738,-1.99,7.2e-06
Q8IYB3,S740,-1.99,7.2e-06
Q8IYB3,S743,NA,NA
Q8IYB3,S748,-0.01,0.99
Q8IYB3,S749,-0.01,0.99
Q8IYB3,S750,NA,NA
Q8IYB3,S752,NA,NA
Q8IYB3,S754,-0.23,0.59
Q8IYB3,S756,0.58,0.13
Q8IYB3,S769,0.58,0.29
Q8IYB3,S775,0.58,0.29
Q8IYB3,S874,2.26,0.0073
Q8IYB3,T406,-0.44,0.17
Q8IYB3,T416,0.26,0.83
Q8IYB3,T572,0.55,0.16
Q8IYB3,T574,0.55,0.16
Q8IYB3,T581,0.62,0.26
Q8IYB3,T614,0.99,0.18
Q8IYB3,T727,0.38,0.2
Q8IYB3,T778,0.45,0.36
Q8IYB3,T872,0.92,0.023
Q9UQ35,S1014,0.17,0.59
Q9UQ35,S1064,1.12,0.071
Q9UQ35,S1069,1.12,0.071
Q9UQ35,S1072,1.12,0.071
Q9UQ35,S1073,1.12,0.071
Q9UQ35,S1083,1.12,0.071
Q9UQ35,S1103,-0.4,0.11
Q9UQ35,S1112,-0.01,0.96
Q9UQ35,S1132,0.01,0.99
Q9UQ35,S1179,-0.58,0.036
Q9UQ35,S1188,0.94,0.019
Q9UQ35,S1320,0.05,0.9
Q9UQ35,S1382,0.38,0.6
Q9UQ35,S1383,0.3,0.54
Q9UQ35,S1404,0.2,0.67
Q9UQ35,S1415,NA,NA
Q9UQ35,S1421,0.9,0.081
Q9UQ35,S144,-1.94,0.031
Q9UQ35,S1441,NA,NA
Q9UQ35,S1443,-0.27,0.33
Q9UQ35,S1444,0.61,0.16
Q9UQ35,S1497,-2.37,0.0024
Q9UQ35,S1502,NA,NA
Q9UQ35,S1519,-1.54,0.39
Q9UQ35,S1521,-2.2,1e-04
Q9UQ35,S1522,-1.48,0.0072
Q9UQ35,S1537,-1.81,0.00053
Q9UQ35,S1539,-0.5,0.75
Q9UQ35,S1541,-0.55,0.41
Q9UQ35,S1577,NA,NA
Q9UQ35,S1579,-0.94,0.011
Q9UQ35,S1581,-0.94,0.011
Q9UQ35,S1582,NA,NA
Q9UQ35,S1589,-2.11,0.0028
Q9UQ35,S1592,-2.11,0.0028
Q9UQ35,S1600,-1.19,0.029
Q9UQ35,S1601,-0.71,0.056
Q9UQ35,S1640,-0.89,0.27
Q9UQ35,S1641,-0.89,0.27
Q9UQ35,S1642,-0.89,0.27
Q9UQ35,S1672,-0.85,0.13
Q9UQ35,S1674,-0.85,0.13
Q9UQ35,S1675,0.08,0.92
Q9UQ35,S1691,-0.05,0.97
Q9UQ35,S1693,-0.05,0.97
Q9UQ35,S1694,-0.38,0.075
Q9UQ35,S1718,NA,NA
Q9UQ35,S1727,2.35,0.04
Q9UQ35,S1729,2.35,0.04
Q9UQ35,S1731,2.35,0.04
Q9UQ35,S1732,2.35,0.04
Q9UQ35,S1749,-2.37,0.00072
Q9UQ35,S1750,-2.37,0.00072
Q9UQ35,S1762,0.51,0.087
Q9UQ35,S1764,0.51,0.087
Q9UQ35,S1773,-0.84,0.064
Q9UQ35,S1775,-0.84,0.064
Q9UQ35,S1818,-0.16,0.76
Q9UQ35,S1822,-0.46,0.073
Q9UQ35,S1824,-0.46,0.073
Q9UQ35,S1842,-0.16,0.56
Q9UQ35,S1857,0.73,0.15
Q9UQ35,S1864,-1.3,0.039
Q9UQ35,S1876,-1.23,0.14
Q9UQ35,S1878,-1.23,0.14
Q9UQ35,S1888,-0.25,0.54
Q9UQ35,S1890,-0.25,0.54
Q9UQ35,S1893,0.22,0.32
Q9UQ35,S1905,0.11,0.82
Q9UQ35,S1911,0.26,0.78
Q9UQ35,S1913,0.26,0.78
Q9UQ35,S1916,0.26,0.4
Q9UQ35,S1923,-0.25,0.69
Q9UQ35,S1925,-1.38,0.088
Q9UQ35,S1935,NA,NA
Q9UQ35,S1937,NA,NA
Q9UQ35,S1970,NA,NA
Q9UQ35,S1972,NA,NA
Q9UQ35,S1975,0.83,0.044
Q9UQ35,S1982,0.33,0.4
Q9UQ35,S1984,0.33,0.4
Q9UQ35,S1987,0.33,0.4
Q9UQ35,S2018,-0.64,0.26
Q9UQ35,S2020,-1.11,0.063
Q9UQ35,S2030,0.85,0.15
Q9UQ35,S2032,-0.39,0.18
Q9UQ35,S2042,0.51,0.35
Q9UQ35,S2044,0.75,0.12
Q9UQ35,S2046,-1.7,0.001
Q9UQ35,S2067,1.22,0.052
Q9UQ35,S2071,-1.71,0.0049
Q9UQ35,S2100,-1.38,0.049
Q9UQ35,S2102,-1.96,0.011
Q9UQ35,S2118,NA,NA
Q9UQ35,S2121,-0.48,0.46
Q9UQ35,S2123,-0.66,0.35
Q9UQ35,S2132,-0.82,0.22
Q9UQ35,S2272,-0.54,0.39
Q9UQ35,S2382,-2.32,0.00021
Q9UQ35,S2398,-0.34,0.49
Q9UQ35,S2407,-0.87,0.073
Q9UQ35,S2426,0.21,0.73
Q9UQ35,S2449,-0.45,0.17
Q9UQ35,S248,0,1
Q9UQ35,S250,0,1
Q9UQ35,S2581,1.42,0.0026
Q9UQ35,S2692,-0.29,0.47
Q9UQ35,S2694,-0.47,0.15
Q9UQ35,S2740,-0.51,0.16
Q9UQ35,S351,-0.27,0.56
Q9UQ35,S353,-2.78,0.0012
Q9UQ35,S358,NA,NA
Q9UQ35,S435,0.99,0.24
Q9UQ35,S436,0.99,0.24
Q9UQ35,S437,0.99,0.24
Q9UQ35,S440,0.99,0.24
Q9UQ35,S454,0.59,0.27
Q9UQ35,S455,NA,NA
Q9UQ35,S456,0.59,0.27
Q9UQ35,S484,0.52,0.53
Q9UQ35,S486,0.52,0.53
Q9UQ35,S506,0.83,0.19
Q9UQ35,S508,0.83,0.19
Q9UQ35,S510,0.83,0.19
Q9UQ35,S516,NA,NA
Q9UQ35,S518,NA,NA
Q9UQ35,S525,0.07,0.91
Q9UQ35,S527,0.07,0.91
Q9UQ35,S534,-0.62,0.17
Q9UQ35,S536,-0.62,0.17
Q9UQ35,S573,1.11,0.051
Q9UQ35,S575,1.11,0.051
Q9UQ35,S702,0.05,0.95
Q9UQ35,S704,0.05,0.95
Q9UQ35,S706,0.05,0.95
Q9UQ35,S745,-1.27,0.075
Q9UQ35,S746,-1.27,0.075
Q9UQ35,S761,NA,NA
Q9UQ35,S763,-1.57,0.01
Q9UQ35,S764,-1.57,0.01
Q9UQ35,S774,NA,NA
Q9UQ35,S778,0.49,0.17
Q9UQ35,S780,-1.48,0.046
Q9UQ35,S782,-1.48,0.046
Q9UQ35,S783,-0.47,0.094
Q9UQ35,S790,0.89,0.0039
Q9UQ35,S797,-0.13,0.74
Q9UQ35,S808,-0.09,0.85
Q9UQ35,S818,-0.58,0.2
Q9UQ35,S820,-0.58,0.2
Q9UQ35,S854,NA,NA
Q9UQ35,S857,0.31,0.51
Q9UQ35,S875,0.96,0.0052
Q9UQ35,S876,1.42,0.00014
Q9UQ35,S883,0.77,0.021
Q9UQ35,S890,-0.05,0.95
Q9UQ35,S895,1.83,0.027
Q9UQ35,S908,-0.07,0.92
Q9UQ35,S912,NA,NA
Q9UQ35,S914,-0.6,0.07
Q9UQ35,S924,0.21,0.33
Q9UQ35,S950,-0.02,0.98
Q9UQ35,S952,-0.83,0.0072
Q9UQ35,S954,-1.42,0.0044
Q9UQ35,S957,-1.88,0.018
Q9UQ35,S970,0.26,0.65
Q9UQ35,S974,0.26,0.65
Q9UQ35,S988,NA,NA
Q9UQ35,S992,-0.91,0.093
Q9UQ35,S994,-0.91,0.093
Q9UQ35,T1003,0.17,0.59
Q9UQ35,T1043,-0.59,0.31
Q9UQ35,T1413,-1.36,1.4e-05
Q9UQ35,T1434,-0.9,0.045
Q9UQ35,T1492,-2.37,0.0024
Q9UQ35,T1511,NA,NA
Q9UQ35,T1531,-1.67,0.0018
Q9UQ35,T1720,NA,NA
Q9UQ35,T1844,-0.16,0.56
Q9UQ35,T1880,-1.23,0.14
Q9UQ35,T1927,-1.38,0.088
Q9UQ35,T1939,NA,NA
Q9UQ35,T1974,-0.09,0.84
Q9UQ35,T1986,-0.22,0.61
Q9UQ35,T2022,-1.11,0.063
Q9UQ35,T2034,-0.39,0.18
Q9UQ35,T2069,-1.71,0.0049
Q9UQ35,T2104,-1.96,0.011
Q9UQ35,T2409,-0.87,0.073
Q9UQ35,T252,NA,NA
Q9UQ35,T2738,-0.51,0.16
Q9UQ35,T359,NA,NA
Q9UQ35,T792,0.89,0.0039
Q9UQ35,T810,-0.09,0.85
Q9UQ35,T848,0.87,0.093
Q9UQ35,T866,0.21,0.34
Q9UQ35,T885,NA,NA
Q9UQ35,T903,-0.07,0.92
Q9UQ35,T983,-0.91,0.093
Q9BXP5,S21,-Inf,0
Q9BXP5,S493,0.44,0.04
Q9BXP5,S51,NA,NA
Q9BXP5,S67,0.56,0.024
Q9BXP5,S74,0.56,0.024
Q9BXP5,T544,1.17,0.0038
Q07955,S199,0.57,0.064
Q07955,S201,-0.95,0.25
Q07955,S227,-0.64,0.43
Q07955,S231,-0.64,0.43
Q07955,S234,0.66,0.061
Q07955,S238,0.66,0.061
Q07955,S242,-1.48,0.066
Q07955,S244,-1.48,0.066
O75494,S131,NA,NA
O75494,S133,0.28,0.64
O75494,S141,0.91,0.12
O75494,S143,0.91,0.12
O75494,S160,NA,NA
O75494,S256,0.83,0.00064
Q05519,S366,0.88,0.043
Q05519,S368,0.88,0.043
Q05519,S370,0.88,0.043
Q8WXF0,S219,NA,NA
Q8WXF0,S223,NA,NA
Q8WXF0,S227,NA,NA
P84103,S108,-0.57,0.65
P84103,S138,0.41,0.42
P84103,S140,0.41,0.42
P84103,S148,0.52,0.29
P84103,S150,0.52,0.29
P84103,S5,1.68,0.00022
Q13247,S190,1.23,0.31
Q13247,S192,1.23,0.31
Q13247,S297,0.85,0.17
Q13247,S299,0.85,0.17
Q13247,S301,-2.1,0.092
Q13247,S303,-2.1,0.092
Q13247,S314,1.75,0.066
Q13247,S316,1.75,0.066
Q13247,S324,NA,NA
Q16629,S167,-1.68,0.085
Q16629,S171,-1.68,0.085
Q16629,S175,-0.83,0.31
Q16629,S179,-0.83,0.31
Q16629,S181,-0.56,0.43
Q16629,S183,-0.56,0.43
Q16629,S233,-0.65,0.29
Q13242,S189,NA,NA
Q13242,S195,-0.62,0.19
Q13242,S199,0.03,0.95
Q13242,S204,-0.22,0.42
Q13242,S211,-0.01,0.98
Q13242,S216,-0.73,0.11
P05455,S366,1.14,0.00045
Q76I76,T1422,-0.73,0.037
Q9UNL2,S105,0.34,0.084
Q08945,S444,3.77,1.4e-06
Q08945,S667,NA,NA
Q08945,S668,NA,NA
Q08945,S671,-0.25,0.75
Q08945,S672,-0.25,0.75
Q08945,S673,Inf,0
Q08945,Y441,0.51,0.51
Q9NP77,S4,-1.48,3.3e-05
Q9Y3M8,S133,1.86,0.00023
Q9Y3M8,S171,-0.12,0.76
Q9Y3M8,S314,-0.4,0.43
Q9Y3M8,S389,1.04,0.0033
Q9Y3M8,S411,-0.02,0.95
P42224,S727,2.7,4.1e-06
P40763,S727,-0.82,0.096
Q13586,S519,0.34,0.43
Q13586,S521,NA,NA
Q9P246,S680,NA,NA
O94804,S417,1.88,1e-05
O94804,S438,0.13,0.5
Q8N1F8,S387,0.16,0.67
Q8N1F8,S389,-0.08,0.89
Q8N1F8,S392,-0.08,0.89
Q8N1F8,S761,Inf,0
Q9UEE5,S28,-1.92,0.00023
Q9Y6E0,T184,Inf,0
Q9Y6E0,T190,Inf,0
O00506,T168,Inf,0
O00506,T174,Inf,0
Q13188,S316,3.41,0.00025
Q13188,T325,Inf,0
Q9UEW8,T354,0.84,0.0059
Q13043,S320,2.44,0.00097
P16949,S16,-1.79,0.0026
P16949,S25,-2.06,2.3e-05
P16949,S38,-1.18,0.00081
Q9UJZ1,S30,NA,NA
Q9UJZ1,T36,NA,NA
Q5VSL9,S335,-2.06,0.00078
Q9NRL3,S342,-1.31,0.023
Q9NRL3,S53,3.35,0.05
Q8TCJ2,S498,1.48,0.0029
Q8TCJ2,S499,1.48,0.0029
Q9UNE7,S19,0.38,0.44
Q9UNE7,S23,0.19,0.6
Q12846,S117,0.95,0.015
Q12846,S14,0.26,0.55
Q12846,S15,0.26,0.55
O15400,S129,1.66,0.29
P53999,S50,-0.57,0.07
Q9H7L9,S234,Inf,0
Q9H7L9,S236,Inf,0
Q9H7L9,S237,NA,NA
Q8IWZ8,S485,3.43,2.7e-05
Q9UH99,S110,-Inf,0
Q9UH99,S54,-1.05,0.00075
Q9UH99,T107,-Inf,0
O00267,S666,0.35,0.41
Q7KZ85,S1535,NA,NA
Q7KZ85,S73,Inf,0
Q7KZ85,S75,Inf,0
Q7KZ85,S78,Inf,0
Q7KZ85,T1523,0.42,0.093
Q15527,R145,1.74,2e-05
O75683,S138,0.56,0.06
O75683,S74,-Inf,0
O43463,S391,NA,NA
Q9H5I1,S388,Inf,0
Q15022,S546,1.62,0.0034
Q15022,S583,Inf,0
O95425,S1052,0.2,0.51
O95425,S221,1.39,0.00029
O95425,T852,-0.52,0.22
Q96A49,T248,0.54,0.015
Q5VT97,S86,NA,NA
Q92797,S1259,Inf,0
Q92797,T1257,Inf,0
Q9H7C4,S325,0.38,0.26
Q8NF91,G8310,0.94,0.11
Q8NF91,S8305,0.94,0.11
Q8NF91,T8360,0.39,0.024
Q8WXH0,S6361,3.39,2.2e-05
Q8WXH0,S873,0.46,0.17
O43760,S3,1.17,2.1e-05
O15056,S1122,NA,NA
O15056,S1124,-0.55,0.026
O15061,S429,-2.18,0.002
Q8N3V7,S536,-0.74,0.37
Q8N3V7,S685,0.53,0.54
Q8N3V7,S754,-0.33,0.34
Q8N3V7,S833,-0.64,0.036
Q9UMZ2,S1075,-0.1,0.58
Q9UMZ2,S935,-0.69,0.0042
Q96C24,S289,NA,NA
Q7Z422,S105,1.51,1.6e-05
Q7Z422,S107,1.51,1.6e-05
Q7Z422,S39,-0.77,0.032
Q9NYJ8,S527,NA,NA
Q16514,S51,1.96,0.0013
Q6P1X5,S1196,-0.15,0.79
Q6P1X5,S1198,-0.15,0.79
Q15545,S159,0.86,6.2e-05
P37802,S185,-0.94,0.32
Q9C0D5,S63,-2.09,0.039
Q9C0D5,S67,-2.09,0.039
P26639,S10,-0.16,0.65
Q9UK61,S699,0.26,0.49
Q9UK61,S903,1.28,9.4e-06
Q9UK61,S927,0.82,0.12
Q5VWN6,S1541,NA,NA
Q5VWN6,S2037,-1.14,0.00047
Q5VWN6,S340,-1.96,0.00025
Q86TI0,E1152,0.55,0.96
Q86TI0,S237,-0.52,0.24
Q86TI0,S507,NA,NA
Q86TI0,S614,-Inf,0
Q86TI0,S627,1.06,0.039
Q86TI0,S660,-Inf,0
Q4KMP7,S22,2.06,0.05
Q4KMP7,S658,NA,NA
Q4KMP7,S678,0.48,0.43
Q9P2M4,S688,1.6,5.6e-05
Q8TC07,S70,1.09,0.0042
Q9BYX2,S920,0.92,0.0011
Q9NU19,S154,NA,NA
O60343,S318,-Inf,0
O60343,S341,0,1
O60343,S570,NA,NA
O60343,S588,-0.58,0.0073
Q66K14,S1238,1.07,0.063
Q66K14,S1241,1.24,0.0038
Q66K14,S435,-1.22,0.011
Q66K14,S463,0.95,0.2
Q66K14,T1239,1.07,0.063
Q66K14,T397,-Inf,0
Q9UGU0,S1019,-0.46,0.58
Q9UGU0,T1671,1.04,0.00077
Q13428,P800,-1.3,0.032
Q13428,S1111,-Inf,0
Q13428,S1257,NA,NA
Q13428,S1350,-0.24,0.55
Q13428,S1378,-2.38,0.14
Q13428,S156,NA,NA
Q13428,S233,-1.32,0.05
Q13428,S446,0.15,0.7
Q13428,S906,-1.15,0.0019
Q13428,T1270,-0.79,0.37
Q13428,T1358,-Inf,0
Q13428,T249,-1.93,0.0013
Q9NUJ3,S55,0.43,0.0069
Q9NUJ3,S56,NA,NA
Q96N21,S333,-1.07,0.041
Q15554,S365,-0.17,0.72
Q9NYB0,S203,-0.85,0.063
Q9NYB0,S43,0.38,0.058
Q01664,S124,-1.49,1.5e-05
P0C1Z6,S180,1.07,0.034
Q96RS0,S85,0.03,0.94
Q96RS0,S89,0.03,0.94
Q8NI27,S1393,0.16,0.44
Q8NI27,T1443,-Inf,0
Q13769,S312,1.04,0.075
Q13769,S314,1.04,0.075
Q9Y2W1,S119,NA,NA
Q9Y2W1,S243,1.06,6.3e-05
Q9Y2W1,S248,-2.05,0.00089
Q9Y2W1,S253,-2.05,0.00089
Q9Y2W1,S379,2.25,2e-05
Q9Y2W1,S408,1.62,0.00066
Q9Y2W1,S53,0.74,0.22
Q9Y2W1,S535,0.28,0.61
Q9Y2W1,S55,0.74,0.22
Q9Y2W1,S575,1.36,0.00031
Q9Y2W1,S682,0.7,0.00069
Q9Y2W1,S698,2.1,0.0021
Q9Y2W1,T487,1.21,0.0043
Q9Y2W1,T874,-1.12,0.0017
Q9NS62,S671,-0.17,0.83
Q9NXG2,S86,1.35,0.053
Q9NXG2,S88,1.35,0.053
Q9UNS1,S1121,1.8,0.00057
Q9UNS1,S1149,0.06,0.92
Q9UNS1,S1173,2.97,1.2e-05
O60220,S94,0.47,0.13
Q5JTD0,S531,NA,NA
Q5JTD0,S545,NA,NA
Q07157,S125,2.78,7.3e-06
Q07157,S131,2.78,7.3e-06
Q07157,S1579,NA,NA
Q07157,S1617,1.46,5.7e-05
Q07157,S166,0.24,0.5
Q07157,S168,0.24,0.5
Q07157,S178,-0.42,0.29
Q07157,S179,-0.44,0.44
Q07157,S313,-0.23,0.16
Q07157,S315,0.48,0.14
Q07157,S320,NA,NA
Q07157,S617,0.51,0.28
Q07157,S899,NA,NA
Q07157,S912,0.05,0.91
Q9UDY2,S1159,0.28,0.74
Q9UDY2,S170,0.85,0.0054
Q9UDY2,S174,-0.01,0.98
Q9UDY2,S200,0.06,0.8
Q9UDY2,S266,0.62,0.0031
Q9UDY2,S966,-0.02,0.98
P29401,T287,1.29,4.8e-06
Q9Y490,S1201,3.39,1.9e-05
Q9Y490,S1225,-1.26,0.27
Q9Y490,S1260,0.42,0.1
Q9Y490,S1641,0.98,0.0036
Q9Y490,S2040,-0.28,0.15
Q9Y490,S425,-0.63,0.075
Q9Y490,S620,Inf,0
Q9Y490,T1263,0.41,0.021
Q92545,S1871,-Inf,0
Q9Y519,S388,NA,NA
Q9Y519,S402,-2.31,9.7e-05
Q9Y519,S403,-2.31,9.7e-05
Q8WWA1,S137,0.38,0.13
P42166,K243,-1.41,0.057
P42166,L403,-Inf,0
P42166,S156,0.28,0.6
P42166,S159,NA,NA
P42166,S66,NA,NA
P42166,S67,NA,NA
P42166,T160,0.62,0.11
Q9H3N1,S270,1.1,0.0016
Q13829,S280,1.29,3e-04
P21580,S565,-0.94,0.0021
P21580,S573,-2.55,0.0056
P21580,S575,-2.55,0.0056
O14763,S437,-0.33,0.43
Q9C0C2,S1110,3.92,6.2e-06
Q9C0C2,S1138,-0.01,0.99
Q9C0C2,S1620,0.45,0.29
Q9C0C2,S1621,0.16,0.36
Q9C0C2,S1666,1.31,0.003
Q9C0C2,S221,2.04,0.14
Q9C0C2,S429,NA,NA
Q9C0C2,S672,1.71,8.6e-07
Q9C0C2,S691,-0.69,0.0036
Q9C0C2,S712,NA,NA
Q9C0C2,S836,1.66,0.0067
Q9C0C2,S872,1.43,0.0016
Q9C0C2,S919,0.9,0.037
Q9C0C2,S920,0.07,0.94
Q9C0C2,S983,NA,NA
Q9C0C2,T833,1.42,0.0072
Q9HCJ0,S568,1.07,0.0097
Q9HBL0,S1177,-3.27,0.0019
Q9HBL0,S1192,-3,6e-05
Q9HBL0,S1209,-1.88,0.013
Q9HBL0,S1381,-0.14,0.76
Q9HBL0,S1393,-1.56,0.0034
Q9HBL0,S621,-1.01,0.18
Q9HBL0,T1189,-3,6e-05
Q9HBL0,T775,-Inf,0
Q63HR2,S1003,-0.9,0.26
Q63HR2,S102,NA,NA
Q63HR2,S120,0.67,0.0031
Q63HR2,S835,-Inf,0
Q63HR2,T103,NA,NA
Q68CZ2,S1149,Inf,0
Q68CZ2,S1154,NA,NA
Q68CZ2,S1441,-0.55,0.08
Q68CZ2,S361,-0.44,0.21
Q68CZ2,S762,NA,NA
Q68CZ2,S763,-0.06,0.89
Q68CZ2,S776,-1.23,0.0041
Q68CZ2,S901,-2.62,3.1e-05
Q14106,S222,NA,NA
O60784,S160,0.81,0.0046
O60784,S462,1.22,0.0083
O75674,S323,0.27,0.49
Q15785,S186,0.77,0.085
O94826,S91,0.31,0.071
Q96HA7,S719,-0.55,0.13
P11388,S1213,-3.06,1.5e-07
P11388,S1247,NA,NA
P11388,S1471,NA,NA
P11388,S1474,NA,NA
P11388,S1495,-0.17,0.65
P11388,S1525,1.43,0.0095
P11388,S4,-Inf,0
P11388,T1470,NA,NA
Q02880,S1522,NA,NA
Q02880,S1524,NA,NA
Q02880,S1550,-0.91,0.022
Q02880,S1552,-0.91,0.022
Q9NS56,S585,0.73,0.047
Q5JTV8,S156,0.3,0.22
Q5JTV8,S157,0.3,0.22
Q5JTV8,S305,NA,NA
Q5JTV8,T220,Inf,0
P04637,S315,NA,NA
Q12888,S1094,0.84,0.022
Q12888,S1101,0.56,0.35
Q12888,S1114,0.21,0.6
Q12888,S1216,1.28,6.8e-06
Q12888,S1219,1.28,6.8e-06
Q12888,S1317,NA,NA
Q12888,S1362,-0.46,0.094
Q12888,S1426,-2.71,1.2e-05
Q12888,S1430,-2.71,1.2e-05
Q12888,S1462,0.42,0.31
Q12888,S222,NA,NA
Q12888,S265,0.41,0.71
Q12888,S366,0.01,0.98
Q12888,S500,2,0.0081
Q12888,S552,3.03,3e-04
Q13625,S480,-0.47,0.5
O14683,S14,-2.01,0.21
O43399,S166,-0.15,0.83
P12270,S2073,0.92,0.044
P12270,S379,0.54,0.052
Q9ULW0,S486,-Inf,0
Q9ULW0,S654,-Inf,0
Q9ULW0,S738,-2.8,0.013
Q13595,S100,0.82,0.16
Q13595,S236,Inf,0
Q13595,S86,NA,NA
Q13595,S96,0.82,0.16
Q13595,S98,0.82,0.16
Q13595,T202,-0.13,0.48
Q13595,T88,-0.07,0.96
P62995,S264,0.57,0.18
P62995,S266,-0.95,0.23
P62995,S282,-0.36,0.65
P62995,S284,-0.45,0.53
P62995,S85,-0.76,0.42
P62995,S87,-0.76,0.42
P62995,S95,-1.25,0.28
P62995,S97,-1.59,0.0036
P62995,S99,-1.59,0.0036
P62995,T201,1.02,0.0094
Q8TDR0,S476,0.44,0.041
O14545,S415,-2.24,0.046
O14545,S479,-2.35,0.01
P48553,S709,NA,NA
Q96F44,S85,0.66,0.004
O15164,S1025,1.03,0.0054
O15164,S1028,1.03,0.0054
O15164,S1042,0.78,0.0027
Q14258,P147,0.77,0.0072
Q14258,S100,0.98,8.9e-05
Q13263,S17,NA,NA
Q13263,S19,NA,NA
Q13263,S473,1.35,6.3e-05
Q13263,S50,0.7,0.011
Q13263,S594,0.16,0.64
Q9UPN9,S1119,0.81,0.034
Q96LD4,S588,1.87,9.5e-07
Q9C035,S86,1.48,0.0065
O75962,S1785,-0.66,0.13
O75962,S1786,-0.66,0.13
O75962,S2631,1.05,1e-04
Q15642,S482,0.72,0.0012
Q14669,S1376,2.64,1.5e-05
Q14669,S1427,-2.45,0.0069
Q14669,S238,-1.13,0.016
Q14669,S239,-2.43,0.00013
Q14669,S241,-2.43,0.00013
Q14669,S310,0,0.99
Q14669,S312,0.16,0.61
Q14669,S77,0.53,0.066
Q14669,T1377,0.8,0.053
Q14669,T1421,-2.45,0.0069
Q9UI30,S119,0.5,0.0044
Q9UI30,S125,0.52,0.035
Q7Z2T5,S612,NA,NA
Q9UHF7,S603,-Inf,0
Q9UHF7,S892,0.44,0.13
Q9Y4A5,S2077,3.22,0.0012
Q92574,S505,-0.52,0.14
P49815,S1132,-1.06,0.048
P49815,S939,-0.47,0.074
Q9Y3Q8,T229,1.13,0.037
Q99598,S33,0.53,0.026
Q9Y5U2,S146,-1.73,0.018
Q9Y5U2,S321,-0.79,0.45
Q96AY4,S1387,Inf,0
Q9ULT0,S182,1.11,0.00013
Q9ULT0,S658,0.84,0.024
Q9ULT0,S690,NA,NA
Q9ULT0,T693,NA,NA
Q8WZ42,S33201,NA,NA
Q8WZ42,S33203,NA,NA
Q8WZ42,Y33206,NA,NA
P68363,S340,0.86,0.02
P68363,T334,Inf,0
P68371,S278,0.24,0.68
Q96RT8,S630,Inf,0
O75896,S50,0.54,0.035
Q3B726,S304,0.45,0.52
Q3B726,S316,-0.41,0.4
Q3B726,S328,-2.13,0.083
Q3B726,S60,-1.77,3.5e-06
Q3B726,T322,-0.41,0.4
O43396,S113,3.34,7.6e-06
P26368,S79,-0.49,0.36
O15042,S930,-0.34,0.13
O15042,S932,-0.34,0.13
O15042,S934,-0.34,0.13
O15042,S946,0.26,0.36
O15042,S948,0.26,0.36
P22314,S13,0.41,0.62
Q9BSL1,S98,1.55,9.1e-05
Q14157,S454,-1.7,0.13
Q14157,S467,0.02,0.98
Q14157,S471,NA,NA
Q14157,S477,NA,NA
Q14157,S605,-Inf,0
Q14157,S609,-1.65,2.1e-05
Q9Y385,S251,-1.63,4.6e-05
Q9C0C9,S73,0.22,0.53
Q9C0C9,S839,0.56,0.51
Q9C0C9,S87,-0.75,0.011
Q9C0C9,S89,-0.75,0.011
O95155,S105,2.52,0.00014
O95155,S803,NA,NA
O95155,S88,-0.76,0.015
Q5T4S7,S362,0.05,0.95
Q5T4S7,S3860,3.16,2.7e-07
Q5T4S7,S620,NA,NA
O95071,S1549,0.93,0.012
O95071,S2241,1.11,0.0031
O95071,S2483,NA,NA
P17480,S638,-0.49,0.17
O94888,S288,Inf,0
P15374,S130,NA,NA
Q9BZX2,S254,-1.21,0.0064
Q9NWZ5,S63,-1.71,0.019
Q92890,S247,-1.33,1e-05
Q92890,S299,0.59,0.21
Q96T88,S661,-1.97,0.0024
O75385,S450,-2.08,3.3e-05
O75385,S694,-2.1,0.014
O14795,S254,-0.77,0.023
Q9C0B0,S240,0.69,0.0076
Q92900,S1127,-0.83,0.0019
Q16831,S61,0.06,0.85
P31930,S107,0.33,0.013
O94763,S372,NA,NA
Q9BQ65,S36,-0.01,0.95
P22415,S186,2.19,3.5e-06
O60763,S942,Inf,0
Q14694,G245,-0.79,0.00036
P54578,S492,1.04,0.00082
Q9Y4E8,S229,-0.2,0.56
Q9Y2K6,S132,0.61,0.12
Q9Y2K6,S134,0.61,0.12
Q9UPU5,S1943,-0.5,0.12
Q9UPU5,S2047,0.86,0.00048
Q96RU2,T1048,NA,NA
Q8NFA0,T1326,1.37,2.4e-05
Q9P275,S614,0.92,0.31
Q9P275,S742,-0.82,0.015
Q9P275,S871,NA,NA
Q53GS9,S82,1.56,0.00053
Q96K76,S832,0.4,0.037
P35125,T1124,1.37,2.4e-05
P40818,S718,0.01,0.99
Q93008,S2462,0.02,0.97
O00507,S2463,0.02,0.97
Q9Y3A2,S241,-1.18,0.011
O75691,T1741,2.4,5.1e-05
Q9P2Y5,S498,-1.73,0.054
O75379,S30,1.4,0.023
P50552,T316,0.85,0.035
Q99536,S44,-0.35,0.51
P18206,S346,0.75,0.019
P18206,S566,0.53,0.13
P18206,S579,Inf,0
P18206,S755,0.25,0.49
P18206,S809,Inf,0
P18206,S97,3.19,3.1e-06
P18206,Y822,0.26,0.34
P55072,S352,0.65,0.008
P55072,S702,-0.36,0.52
P55072,T509,0.16,0.43
Q96JH7,S994,NA,NA
Q96JH7,S997,NA,NA
Q96JH7,S998,NA,NA
P21796,S104,0.49,0.028
P45880,S115,0.86,0.0026
O15240,S420,1.05,0.013
P08670,S10,-Inf,0
P08670,S325,-1.24,0.045
P08670,S39,-1.38,0.33
P08670,S42,-3.36,0.035
P08670,S430,1.63,0.025
P08670,S459,-2.35,0.00021
P08670,S47,NA,NA
P08670,S56,-3.49,0.025
P08670,S7,0.04,0.91
P08670,S73,-1.69,0.56
Q69YN4,S138,1.33,3e-04
Q69YN4,S1579,0.49,0.029
Q69YN4,S173,1.02,0.024
Q7Z7G8,S1002,0.59,0.064
Q7Z7G8,S999,0.59,0.064
Q5THJ4,S1042,0.36,0.36
O75436,S315,-1.91,8.4e-06
Q4G0F5,S304,NA,NA
Q96QK1,S7,Inf,0
Q96QK1,S783,Inf,0
Q8IV63,S59,NA,NA
Q9BTA9,S511,-1.1,0.16
Q9BTA9,S523,-1.13,0.057
Q9BTA9,S525,-1.13,0.057
Q9BTA9,S53,-0.63,0.1
Q9BTA9,S64,0.63,0.31
Q641Q2,S333,Inf,0
Q641Q2,S410,-2.05,0.045
Q641Q2,S423,-2.05,0.045
Q641Q2,S539,0.42,0.29
Q641Q2,S619,0.3,0.16
Q641Q2,S620,0.3,0.16
Q641Q2,T416,-0.26,0.74
Q9Y4E1,S333,Inf,0
Q9Y4E1,S410,-2.05,0.045
Q9Y4E1,S423,-2.05,0.045
Q9Y4E1,S539,0.42,0.29
Q9Y4E1,S619,0.3,0.16
Q9Y4E1,S620,0.3,0.16
Q9Y4E1,T416,-0.26,0.74
Q9Y2W2,S237,Inf,0
Q9H6R7,S690,Inf,0
Q8IZQ1,S2278,-0.56,0.35
Q8IZQ1,S984,NA,NA
O75717,S367,Inf,0
O75717,S374,0.18,0.62
O75717,S383,0.54,0.22
O75717,S868,Inf,0
Q9BZH6,S209,NA,NA
Q9H1Z4,S70,-0.24,0.45
Q9H1Z4,S79,0.2,0.56
Q8TBZ3,S357,0.98,0.0044
Q8TBZ3,S434,-0.3,0.5
Q9H7D7,S121,0.05,0.68
Q9Y2I8,S30,1.37,0.00091
Q15061,S431,-1.66,1.6e-05
Q5JSH3,S344,0.6,0.36
Q5JSH3,S470,1.86,0.37
Q5JSH3,S471,1.86,0.37
Q5JSH3,S472,1.86,0.37
O15213,R54,-0.04,0.96
O94967,S297,NA,NA
Q9H6Y2,S14,Inf,0
Q6PJI9,S564,0.82,0.026
Q9Y4E6,S935,-0.55,0.43
Q9NW82,S638,2.92,3.4e-05
Q9BQA1,T5,1.08,4.2e-05
A4D1P6,S256,-1.37,0.00053
A4D1P6,S381,NA,NA
A4D1P6,S382,1.12,0.082
O76024,S235,1.25,0.072
Q8TF74,S235,0.07,0.91
O95785,S1106,NA,NA
O95785,S1134,-Inf,0
A6NIX2,S120,-Inf,0
Q8IX03,S927,NA,NA
Q8IX03,S945,NA,NA
Q8IX03,S947,0.86,0.21
Q8IX03,T929,-0.25,0.13
Q6AWC2,S1022,0.25,0.23
Q6AWC2,S269,-0.51,0.29
Q6AWC2,T1004,-1,0.07
Q9ULE0,S925,NA,NA
Q9ULE0,S927,NA,NA
Q9ULE0,T909,-0.82,0.084
Q9GZV5,S89,-0.62,0.0017
Q01831,S94,3.56,0.0014
Q9C0E2,S521,1.1,0.0026
P12956,T455,1.3,0.00019
Q9H0D6,S445,-1.72,0.014
Q9H0D6,S499,0.61,0.054
Q9H0D6,S501,0.61,0.054
P46937,S105,-1.31,0.0071
P46937,S109,-1.31,0.0071
P46937,S127,-1.36,0.0064
P46937,S138,NA,NA
P46937,S289,-2.82,0.0022
P46937,S340,-1.98,0.049
P46937,S367,-0.08,0.86
Q9ULM3,S627,-Inf,0
P49750,S1119,1.79,9.6e-05
P49750,S1130,0.27,0.18
Q86U90,S37,-3.93,0.019
Q86U90,S60,-1.06,5.4e-05
Q96MU7,S146,0.57,0.0069
Q96MU7,S308,-0.78,0.14
Q96MU7,S424,0.54,0.0042
Q96MU7,T148,0.57,0.0069
Q9ULJ3,S411,0.21,0.21
Q9ULJ3,S422,-0.01,0.96
Q9ULJ3,S714,Inf,0
O95365,S337,Inf,0
O95365,S526,0.63,0.26
Q96C00,S13,-0.24,0.56
Q5T200,S1014,NA,NA
Q5T200,S1017,NA,NA
Q5T200,S110,NA,NA
Q5T200,S1208,-0.3,0.21
Q5T200,S1210,-0.3,0.21
Q5T200,S1279,NA,NA
Q5T200,S198,0.88,0.031
Q5T200,S207,-0.75,0.16
Q5T200,S209,-0.75,0.16
Q5T200,S242,-0.33,0.21
Q5T200,S265,-0.16,0.74
Q5T200,S318,-0.16,0.67
Q5T200,S325,-0.16,0.67
Q5T200,S346,-0.47,0.094
Q5T200,S348,-0.47,0.094
Q5T200,S64,-2.37,1e-04
Q5T200,S77,1.19,0.019
Q5T200,S831,-1.15,0.086
Q5T200,S833,-1.15,0.086
Q5T200,S837,-1.15,0.086
Q5T200,S877,0.22,0.27
Q5T200,S993,-0.07,0.75
Q5T200,T263,-0.16,0.74
Q5T200,T364,0.93,0.089
Q6PJT7,S515,0.79,0.17
Q6PJT7,S665,-0.96,0.005
Q6PJT7,T387,NA,NA
Q86VM9,S534,-1.09,0.3
Q86VM9,S604,NA,NA
Q86VM9,S613,NA,NA
Q86VM9,S852,0.09,0.86
Q86VM9,S857,NA,NA
Q86VM9,S868,-1.47,0.096
Q86VM9,S893,0.34,0.34
Q86VM9,T611,NA,NA
Q9UPT8,S159,0.27,0.66
Q7Z2W4,S361,-2.62,4.3e-06
Q96H79,S257,1.68,0.023
Q86WB0,S321,-0.2,0.64
Q86WB0,S335,-1.55,0.012
Q86WB0,S338,-1.55,0.012
Q86WB0,S344,-0.99,0.0044
Q86WB0,S354,0.48,0.24
Q86WB0,S358,NA,NA
Q86WB0,S359,-0.69,0.22
Q86WB0,S370,-1.32,0.053
Q86WB0,S395,-1.43,0.00017
Q86WB0,S407,-0.61,0.59
Q86WB0,S410,-0.46,0.092
Q86WB0,T387,-Inf,0
Q9C0B9,S489,-0.51,0.31
Q9C0B9,S490,-0.51,0.31
Q9C0B9,S493,-0.51,0.31
Q9C0B9,S494,-0.51,0.31
Q6NZY4,S598,NA,NA
Q6NZY4,S649,-0.68,0.25
Q8IYP9,S252,Inf,0
Q9C0B5,S380,0.53,0.15
Q9C0B5,S529,-1.01,0.19
Q9C0B5,S554,-1.56,0.045
P37275,S313,NA,NA
P37275,S322,-Inf,0
Q9H8U3,S122,-3.53,3.6e-06
Q9H8U3,S124,-3.14,2.1e-06
Q9H8U3,S129,-3.14,2.1e-06
O76080,S48,0.26,0.51
O60293,S805,-Inf,0
O60293,S809,-Inf,0
O60293,S949,-2.44,0.025
Q07352,S334,-1.04,0.24
Q07352,S90,-Inf,0
Q07352,S92,0.09,0.82
Q96JP5,S83,Inf,0
Q96KR1,S1054,1.32,0.0026
Q96K21,S144,Inf,0
Q9H4I2,S723,-2.99,3.5e-05
Q9UBW7,S305,-0.22,0.65
Q9UBW7,T1376,2.46,1.5e-06
Q14202,T817,0.14,0.47
Q5VZL5,S122,0.66,0.027
Q5VZL5,S1539,0.81,0.037
Q5VZL5,S1542,0.81,0.037
Q5VZL5,S1547,0.81,0.037
Q9ULU4,S406,-0.08,0.77
Q9ULU4,S425,Inf,0
Q9H2Y7,S1370,-0.73,0.051
Q9H2Y7,T1372,-0.73,0.051
P17026,S49,2.42,0.00029
Q8N554,S160,-0.05,0.82
A6NFI3,S112,1.96,1.4e-05
Q5VUA4,S1037,Inf,0
Q5VUA4,S2035,0.28,0.19
Q5VUA4,S2101,1.13,0.0078
Q9H8N7,S449,NA,NA
Q8N0Y2,S232,-1.05,0.0042
Q96KM6,S195,-0.24,0.87
Q96KM6,S207,-0.24,0.87
O15014,S576,-2.72,0.0011
O15014,S578,-2.72,0.0011
Q969S3,S143,-1.64,0.00036
Q14966,S128,-1.09,0.1
Q14966,S1401,-1.83,0.0069
Q14966,S510,NA,NA
Q14966,S520,-1.97,0.073
Q14966,S522,-1.97,0.073
Q14966,S552,-0.32,0.46
Q14966,S558,-0.32,0.46
Q14966,S560,-0.59,0.0078
Q14966,S605,NA,NA
Q9H582,S1000,NA,NA
Q8N720,S12,-0.04,0.97
Q96K58,S10,-0.32,0.21
Q499Z4,S189,-0.78,0.013
Q8N1G0,S1057,-1.6,0.0085
Q8N1G0,S1211,-1.86,3.9e-07
Q96NB3,S351,NA,NA
Q9UHR6,P60,-1.1,0.049
Q8NHG8,S145,0.02,0.97
Q8NHG8,S151,-Inf,0
Q8NHG8,S82,-1.64,0.01
O75312,S376,NA,NA
Q8TBC5,G208,1.51,0.0031
Q8IWY8,S153,0.93,0.14
A7E2V4,S1130,-0.37,0.21
Q15942,P47,-3.2,0.0079
Q15942,S259,-1.56,0.15
Q15942,S267,-2.16,0.00054
Q15942,S281,-3.84,2.9e-05
Q15942,S308,-3.95,0.00011
O43149,S1540,0.06,0.92